plf;impot;annee;publie;extrait;ecart;n_mesures;n_nc;n_epsilon
2009;1;2007;32003;32003;0;183;13;24
2009;1;2008;34787;34775;-12;183;14;30
2009;1;2009;36377;36365;-12;183;16;30
2009;2;2007;4008;4008;0;59;7;12
2009;2;2008;4581;2956;-1625;59;10;14
2009;2;2009;5411;3786;-1625;59;11;14
2009;3;2007;2973;2973;0;58;7;16
2009;3;2008;3083;2015;-1068;58;13;15
2009;3;2009;3124;1856;-1268;58;15;14
2009;7;2007;12784;12784;0;39;3;1
2009;7;2008;13442;13402;-40;39;4;1
2009;7;2009;14042;14002;-40;39;4;1
2009;8;2007;2189;2189;0;23;0;4
2009;8;2008;2760;2760;0;23;0;5
2009;8;2009;2248;2248;0;23;0;5
2010;1;2008;34532;34532;0;202;14;30
2010;1;2009;38886;38850;-36;202;18;38
2010;1;2010;37519;37468;-51;202;21;38
2010;2;2008;3353;3353;0;58;7;13
2010;2;2009;7879;7859;-20;58;9;15
2010;2;2010;6879;6849;-30;58;10;12
2010;3;2008;3348;3348;0;56;6;15
2010;3;2009;3261;2238;-1023;56;13;12
2010;3;2010;3360;1674;-1686;56;17;12
2010;7;2008;14217;14217;0;42;3;1
2010;7;2009;15305;15285;-20;42;4;1
2010;7;2010;17210;17190;-20;42;4;1
2010;8;2008;2856;2856;0;26;0;3
2010;8;2009;2741;2741;0;26;0;6
2010;8;2010;3125;3125;0;26;0;5
2011;1;2009;36066;36066;0;200;11;34
2011;1;2010;34860;34148;-712;200;18;37
2011;1;2011;33323;32554;-769;200;22;37
2011;2;2009;8429;8429;0;56;6;13
2011;2;2010;7112;7082;-30;56;8;7
2011;2;2011;4956;4926;-30;56;10;8
2011;3;2009;3338;3338;0;55;6;13
2011;3;2010;3188;2483;-705;55;14;11
2011;3;2011;3181;2470;-711;55;16;10
2011;7;2009;14926;14926;0;42;2;2
2011;7;2010;16776;16776;0;42;2;2
2011;7;2011;16869;16869;0;42;2;2
2011;8;2009;2484;2484;0;22;0;6
2011;8;2010;2461;2461;0;22;0;6
2011;8;2011;2144;2144;0;22;0;4
2012;1;2010;35114;35114;0;195;11;33
2012;1;2011;34504;33947;-557;195;18;28
2012;1;2012;33256;32480;-776;195;23;29
2012;2;2010;7412;7412;0;54;6;2
2012;2;2011;5181;5145;-36;54;7;5
2012;2;2012;5490;5314;-176;54;10;5
2012;3;2010;3120;3120;0;54;6;12
2012;3;2011;3157;2349;-808;54;15;10
2012;3;2012;2864;1836;-1028;54;16;12
2012;7;2010;17540;17540;0;42;2;1
2012;7;2011;17690;17690;0;42;2;1
2012;7;2012;17972;17972;0;42;2;1
2012;8;2010;2278;2278;0;26;1;5
2012;8;2011;2219;2219;0;26;1;3
2012;8;2012;2050;2050;0;26;1;3
2013;1;2011;35381;35381;0;191;11;27
2013;1;2012;35633;35084;-549;191;19;27
2013;1;2013;34382;33360;-1022;191;26;27
2013;2;2011;6145;6145;0;55;6;5
2013;2;2012;6269;6227;-42;55;9;4
2013;2;2013;6893;6821;-72;55;11;4
2013;3;2011;4334;4334;0;50;7;10
2013;3;2012;3619;2712;-907;50;10;9
2013;3;2013;3339;1678;-1661;50;15;8
2013;7;2011;18278;18278;0;39;1;1
2013;7;2012;18037;18037;0;39;1;1
2013;7;2013;18452;18432;-20;39;2;1
2013;8;2011;3316;3316;0;24;1;4
2013;8;2012;3306;3306;0;24;1;4
2013;8;2013;3189;3189;0;24;1;4
2014;1;2012;36919;36919;0;191;15;25
2014;1;2013;35974;34292;-1682;191;24;23
2014;1;2014;33379;30705;-2674;191;31;24
2014;2;2012;6657;6657;0;53;7;5
2014;2;2013;7348;7308;-40;53;10;5
2014;2;2014;19039;18976;-63;53;10;4
2014;3;2012;3297;3297;0;47;9;8
2014;3;2013;3010;2528;-482;47;11;6
2014;3;2014;2974;1748;-1226;47;16;6
2014;7;2012;17279;17279;0;39;2;0
2014;7;2013;17124;17124;0;39;2;0
2014;7;2014;16389;16349;-40;39;3;0
2014;8;2012;3915;3915;0;24;1;4
2014;8;2013;3955;3955;0;24;1;4
2014;8;2014;3626;3626;0;24;1;4
2015;1;2013;36481;36481;0;189;15;24
2015;1;2014;34361;32616;-1745;189;25;26
2015;1;2015;34144;31037;-3107;189;31;23
2015;2;2013;6671;6671;0;50;7;4
2015;2;2014;15550;15550;0;50;7;3
2015;2;2015;18812;18812;0;50;8;3
2015;3;2013;3128;3128;0;44;8;6
2015;3;2014;2976;2377;-599;44;9;6
2015;3;2015;2882;1653;-1229;44;14;5
2015;7;2013;17548;17548;0;41;1;0
2015;7;2014;17975;17975;0;41;1;0
2015;7;2015;17828;17828;0;41;2;0
2015;8;2013;3811;3811;0;25;2;4
2015;8;2014;3539;3539;0;25;3;4
2015;8;2015;3802;3802;0;25;3;3
2016;1;2014;34571;34571;0;187;15;24
2016;1;2015;33731;32009;-1722;187;26;21
2016;1;2016;31688;29341;-2347;187;32;20
2016;2;2014;14939;14939;0;49;6;4
2016;2;2015;21403;21403;0;49;8;4
2016;2;2016;22184;22184;0;49;9;4
2016;3;2014;2832;2832;0;40;6;6
2016;3;2015;2649;2104;-545;40;8;5
2016;3;2016;2657;1622;-1035;40;12;5
2016;5;2014;813;813;0;46;10;17
2016;5;2015;835;831;-4;46;13;16
2016;5;2016;841;837;-4;46;13;16
2016;7;2014;17464;17464;0;41;1;0
2016;7;2015;17499;17499;0;41;1;0
2016;7;2016;17640;17610;-30;41;2;0
2016;8;2014;3598;3598;0;26;2;5
2016;8;2015;3898;3898;0;26;2;4
2016;8;2016;4228;4228;0;26;2;5
2017;1;2015;34193;34193;0;186;16;22
2017;1;2016;32642;30215;-2427;186;29;21
2017;1;2017;32467;29400;-3067;186;36;21
2017;2;2015;20894;20894;0;52;7;6
2017;2;2016;21736;21723;-13;52;10;7
2017;2;2017;25032;24996;-36;52;11;6
2017;3;2015;3106;3106;0;40;6;5
2017;3;2016;3209;2049;-1160;40;10;6
2017;3;2017;3285;1707;-1578;40;14;5
2017;5;2015;920;920;0;44;10;15
2017;5;2016;920;885;-35;44;14;15
2017;5;2017;899;894;-5;44;13;15
2017;7;2015;18027;18027;0;41;1;0
2017;7;2016;18155;18155;0;41;1;0
2017;7;2017;18306;18201;-105;41;3;0
2017;8;2015;3965;3965;0;28;1;5
2017;8;2016;5244;5244;0;28;1;4
2017;8;2017;5874;5874;0;28;1;4
2018;1;2016;32427;32427;0;189;15;23
2018;1;2017;32297;30268;-2029;189;28;25
2018;1;2018;33681;30874;-2807;189;37;25
2018;2;2016;21751;21751;0;53;8;6
2018;2;2017;25767;25767;0;53;9;5
2018;2;2018;30860;29712;-1148;53;13;4
2018;3;2016;3245;3245;0;40;6;5
2018;3;2017;3798;2722;-1076;40;9;6
2018;3;2018;3815;1882;-1933;40;13;6
2018;5;2016;934;934;0;45;11;13
2018;5;2017;919;917;-2;45;13;12
2018;5;2018;919;917;-2;45;13;12
2018;7;2016;19652;19652;0;41;1;0
2018;7;2017;19972;19972;0;41;1;0
2018;7;2018;20359;20329;-30;41;2;0
2018;8;2016;5356;5356;0;28;1;3
2018;8;2017;5999;5438;-561;28;4;3
2018;8;2018;6908;6347;-561;28;4;3
2019;1;2017;32985;32985;0;187;16;28
2019;1;2018;35071;32441;-2630;187;32;26
2019;1;2019;33317;30385;-2932;187;37;24
2019;2;2017;25313;25313;0;53;8;4
2019;2;2018;29965;28929;-1036;53;14;3
2019;2;2019;29800;28290;-1510;53;21;4
2019;3;2017;3702;3702;0;40;7;6
2019;3;2018;3432;2075;-1357;40;17;6
2019;3;2019;3406;1475;-1931;40;21;6
2019;5;2017;923;923;0;47;13;13
2019;5;2018;954;949;-5;47;17;13
2019;5;2019;948;943;-5;47;17;13
2019;7;2017;20006;20006;0;45;5;0
2019;7;2018;20389;20239;-150;45;6;0
2019;7;2019;20692;20512;-180;45;7;0
2019;8;2017;6328;6328;0;32;1;4
2019;8;2018;7363;7363;0;32;3;4
2019;8;2019;7016;6776;-240;32;4;3
2021;1;2019;35206;35206;0;181;16;22
2021;1;2020;37019;34771;-2248;181;27;19
2021;1;2021;33906;31409;-2497;181;30;18
2021;2;2019;29932;29932;0;54;7;4
2021;2;2020;19448;18494;-954;54;11;2
2021;2;2021;18451;17342;-1109;54;13;2
2021;3;2019;4427;4427;0;39;6;6
2021;3;2020;3796;1946;-1850;39;10;5
2021;3;2021;3666;1642;-2024;39;13;4
2021;5;2019;851;851;0;48;26;8
2021;5;2020;851;851;0;48;25;7
2021;5;2021;851;851;0;48;24;7
2021;7;2019;17172;17172;0;45;3;0
2021;7;2020;15637;13287;-2350;45;4;0
2021;7;2021;17151;14801;-2350;45;4;0
2021;84;2019;87;87;0;3;0;0
2021;84;2020;79;79;0;3;0;0
2021;84;2021;86;86;0;3;0;0
2022;1;2020;37306;37306;0;174;14;17
2022;1;2021;35465;32713;-2752;174;27;13
2022;1;2022;35138;32086;-3052;174;29;13
2022;2;2020;21507;21507;0;55;5;4
2022;2;2021;21335;19375;-1960;55;7;7
2022;2;2022;21565;19322;-2243;55;11;6
2022;3;2020;4437;4437;0;39;6;5
2022;3;2021;4217;1778;-2439;39;11;4
2022;3;2022;4169;1560;-2609;39;12;5
2022;5;2020;875;875;0;46;26;6
2022;5;2021;874;874;0;46;25;5
2022;5;2022;873;873;0;46;24;6
2022;7;2020;16474;16474;0;43;2;1
2022;7;2021;17889;15969;-1920;43;4;2
2022;7;2022;19010;17090;-1920;43;4;1
2022;80;2020;5990;5990;0;22;1;0
2022;80;2021;6194;6194;0;22;1;0
2022;80;2022;6333;6333;0;22;1;0
2022;82;2020;1656;1656;0;8;0;0
2022;82;2021;1812;1812;0;8;1;0
2022;82;2022;1852;1852;0;8;1;0
2022;83;2020;561;561;0;5;0;0
2022;83;2021;608;608;0;5;0;0
2022;83;2022;612;612;0;5;0;0
2022;84;2020;51;51;0;3;0;1
2022;84;2021;51;51;0;3;0;1
2022;84;2022;51;51;0;3;0;1
2023;1;2021;34692;34692;0;170;14;15
2023;1;2022;36234;33970;-2264;170;23;14
2023;1;2023;38864;35744;-3120;170;30;12
2023;2;2021;20994;20994;0;54;5;4
2023;2;2022;21225;20153;-1072;54;6;5
2023;2;2023;12702;10994;-1708;54;10;6
2023;3;2021;3946;3946;0;41;5;2
2023;3;2022;7349;7141;-208;41;5;3
2023;3;2023;7353;1776;-5577;41;11;3
2023;7;2021;19026;19026;0;43;2;1
2023;7;2022;20504;18379;-2125;43;4;1
2023;7;2023;21356;19231;-2125;43;4;1
2026;1;2024;42079;42079;0;170;10;15
2026;2;2024;14111;14111;0;53;4;7
2026;3;2024;3913;3913;0;38;3;6
2026;3;2025;15076;4445;-10631;38;2;5
2026;3;2026;14623;3068;-11555;38;5;5
2026;7;2024;10920;10920;0;46;1;3
2026;7;2025;4445;11005;6560;46;1;3
2026;7;2026;3711;12344;8633;46;2;2
