plf_effet;numero_ancien;numero_nouveau;type;libelle;source
2009;170401;250101;renumerotation;Impôt sur le revenu / Bénéfices Neutralisation des conséquences fiscales pour l'exploitant de Impôt sur le revenu et impôt sur;PLF2009 sous-partie III, reclassement par renumérotation
2009;320107;300211;renumerotation;Impôt sur les sociétés / Exonération en matière d'impôt sur les sociétés des revenus Impôt sur les sociétés /;PLF2009 sous-partie III, reclassement par renumérotation
2009;;180309;classement;;PLF2009 sous-partie III, classements
2009;;300112;classement;;PLF2009 sous-partie III, classements
2009;;300210;classement;;PLF2009 sous-partie III, classements
2009;;530211;classement;;PLF2009 sous-partie III, classements
2009;;950101;classement;;PLF2009 sous-partie III, classements
2009;;950102;classement;;PLF2009 sous-partie III, classements
2009;;960101;classement;;PLF2009 sous-partie III, classements
2009;;960102;classement;;PLF2009 sous-partie III, classements
2009;;120138;creation;;PLF2009 sous-parties III et IV, créations
2009;;520209;creation;;PLF2009 sous-parties III et IV, créations
2009;;530212;creation;;PLF2009 sous-parties III et IV, créations
2009;;110201;creation;;PLF2009 sous-parties III et IV, créations
2009;;110229;creation;;PLF2009 sous-parties III et IV, créations
2009;;110233;creation;;PLF2009 sous-parties III et IV, créations
2009;;120131;creation;;PLF2009 sous-parties III et IV, créations
2009;;120136;creation;;PLF2009 sous-parties III et IV, créations
2009;;120504;creation;;PLF2009 sous-parties III et IV, créations
2009;;210306;creation;;PLF2009 sous-parties III et IV, créations
2009;;210309;creation;;PLF2009 sous-parties III et IV, créations
2009;;210315;creation;;PLF2009 sous-parties III et IV, créations
2009;;300211;creation;;PLF2009 sous-parties III et IV, créations
2009;;400110;creation;;PLF2009 sous-parties III et IV, créations
2009;;400113;creation;;PLF2009 sous-parties III et IV, créations
2009;;400202;creation;;PLF2009 sous-parties III et IV, créations
2009;;400203;creation;;PLF2009 sous-parties III et IV, créations
2009;;520104;creation;;PLF2009 sous-parties III et IV, créations
2009;;200216;creation;;PLF2009 sous-parties III et IV, créations
2009;;110226;creation;;PLF2009 sous-parties III et IV, créations
2009;;110247;creation;;PLF2009 sous-parties III et IV, créations
2009;;210313;creation;;PLF2009 sous-parties III et IV, créations
2009;;210316;creation;;PLF2009 sous-parties III et IV, créations
2009;;730213;creation;;PLF2009 sous-parties III et IV, créations
2009;;110227;creation;;PLF2009 sous-parties III et IV, créations
2009;;140119;creation;;PLF2009 sous-parties III et IV, créations
2009;;120401;creation;;PLF2009 sous-parties III et IV, créations
2009;;200302;creation;;PLF2009 sous-parties III et IV, créations
2009;;560104;creation;;PLF2009 sous-parties III et IV, créations
2009;;110102;creation;;PLF2009 sous-parties III et IV, créations
2009;;120202;creation;;PLF2009 sous-parties III et IV, créations
2009;;730205;creation;;PLF2009 sous-parties III et IV, créations
2009;;110222;creation;;PLF2009 sous-parties III et IV, créations
2009;;110246;creation;;PLF2009 sous-parties III et IV, créations
2009;;230410;creation;;PLF2009 sous-parties III et IV, créations
2009;;120108;creation;;PLF2009 sous-parties III et IV, créations
2009;;070101;creation;;PLF2009 sous-parties III et IV, créations
2009;;110214;creation;;PLF2009 sous-parties III et IV, créations
2009;;710103;creation;;PLF2009 sous-parties III et IV, créations
2009;;730303;creation;;PLF2009 sous-parties III et IV, créations
2009;;110248;creation;;PLF2009 sous-parties III et IV, créations
2009;;120137;creation;;PLF2009 sous-parties III et IV, créations
2009;;120139;creation;;PLF2009 sous-parties III et IV, créations
2009;;140308;creation;;PLF2009 sous-parties III et IV, créations
2009;;320138;creation;;PLF2009 sous-parties III et IV, créations
2009;;800113;creation;;PLF2009 sous-parties III et IV, créations
2009;;800114;creation;;PLF2009 sous-parties III et IV, créations
2009;;800115;creation;;PLF2009 sous-parties III et IV, créations
2009;;800116;creation;;PLF2009 sous-parties III et IV, créations
2009;;800207;creation;;PLF2009 sous-parties III et IV, créations
2009;;800208;creation;;PLF2009 sous-parties III et IV, créations
2009;;080112;creation;;PLF2009 sous-parties III et IV, créations
2009;;320139;creation;;PLF2009 sous-parties III et IV, créations
2009;;730219;creation;;PLF2009 sous-parties III et IV, créations
2009;200306;;declassement;;PLF2009 sous-partie III, déclassements
2009;350101;;declassement;;PLF2009 sous-partie III, déclassements
2009;430101;;declassement;;PLF2009 sous-partie III, déclassements
2009;140124;;suppression;;PLF2009 sous-parties III et IV, suppressions
2009;300207;;suppression;;PLF2009 sous-parties III et IV, suppressions
2009;180104;;suppression;;PLF2009 sous-parties III et IV, suppressions
2009;110216;;suppression;;PLF2009 sous-parties III et IV, suppressions
2009;110222;;suppression;;PLF2009 sous-parties III et IV, suppressions
2009;800107;;suppression;;PLF2009 sous-parties III et IV, suppressions
2009;110235;;suppression;;PLF2009 sous-parties III et IV, suppressions
2009;110237;;suppression;;PLF2009 sous-parties III et IV, suppressions
2009;130212;;suppression;;PLF2009 sous-parties III et IV, suppressions
2009;130216;;suppression;;PLF2009 sous-parties III et IV, suppressions
2009;140125;;suppression;;PLF2009 sous-parties III et IV, suppressions
2009;210314;;suppression;;PLF2009 sous-parties III et IV, suppressions
2009;320111;;suppression;;PLF2009 sous-parties III et IV, suppressions
2009;320127;;suppression;;PLF2009 sous-parties III et IV, suppressions
2009;800405;;suppression;;PLF2009 sous-parties III et IV, suppressions
2009;110225;;suppression;;PLF2009 sous-parties III et IV, suppressions
2009;410101;;suppression;;PLF2009 sous-parties III et IV, suppressions
2009;410102;;suppression;;PLF2009 sous-parties III et IV, suppressions
2009;410103;;suppression;;PLF2009 sous-parties III et IV, suppressions
2009;410104;;suppression;;PLF2009 sous-parties III et IV, suppressions
2009;410105;;suppression;;PLF2009 sous-parties III et IV, suppressions
2010;;120142;classement;;PLF2010 sous-partie III, classements
2010;;120308;classement;;PLF2010 sous-partie III, classements
2010;;140126;classement;;PLF2010 sous-partie III, classements
2010;;150712;classement;;PLF2010 sous-partie III, classements
2010;;190210;classement;;PLF2010 sous-partie III, classements
2010;;800209;classement;;PLF2010 sous-partie III, classements
2010;;110249;creation;;PLF2010 sous-parties III et IV, créations
2010;;110250;creation;;PLF2010 sous-parties III et IV, créations
2010;;110251;creation;;PLF2010 sous-parties III et IV, créations
2010;;110252;creation;;PLF2010 sous-parties III et IV, créations
2010;;110256;creation;;PLF2010 sous-parties III et IV, créations
2010;;120140;creation;;PLF2010 sous-parties III et IV, créations
2010;;120141;creation;;PLF2010 sous-parties III et IV, créations
2010;;200216;creation;;PLF2010 sous-parties III et IV, créations
2010;;210313;creation;;PLF2010 sous-parties III et IV, créations
2010;;210322;creation;;PLF2010 sous-parties III et IV, créations
2010;;220103;creation;;PLF2010 sous-parties III et IV, créations
2010;;320140;creation;;PLF2010 sous-parties III et IV, créations
2010;;730220;creation;;PLF2010 sous-parties III et IV, créations
2010;;730221;creation;;PLF2010 sous-parties III et IV, créations
2010;;730307;creation;;PLF2010 sous-parties III et IV, créations
2010;;920301;creation;;PLF2010 sous-parties III et IV, créations
2010;;950103;creation;;PLF2010 sous-parties III et IV, créations
2010;;050109;creation;;PLF2010 sous-parties III et IV, créations
2010;;060108;creation;;PLF2010 sous-parties III et IV, créations
2010;;080113;creation;;PLF2010 sous-parties III et IV, créations
2010;;080208;creation;;PLF2010 sous-parties III et IV, créations
2010;;110210;creation;;PLF2010 sous-parties III et IV, créations
2010;;110224;creation;;PLF2010 sous-parties III et IV, créations
2010;;120209;creation;;PLF2010 sous-parties III et IV, créations
2010;;120210;creation;;PLF2010 sous-parties III et IV, créations
2010;;120211;creation;;PLF2010 sous-parties III et IV, créations
2010;;810101;creation;;PLF2010 sous-parties III et IV, créations
2010;;810201;creation;;PLF2010 sous-parties III et IV, créations
2010;;090101;creation;;PLF2010 sous-parties III et IV, créations
2010;;090102;creation;;PLF2010 sous-parties III et IV, créations
2010;;090103;creation;;PLF2010 sous-parties III et IV, créations
2010;;090104;creation;;PLF2010 sous-parties III et IV, créations
2010;;090105;creation;;PLF2010 sous-parties III et IV, créations
2010;;090106;creation;;PLF2010 sous-parties III et IV, créations
2010;;090107;creation;;PLF2010 sous-parties III et IV, créations
2010;;090108;creation;;PLF2010 sous-parties III et IV, créations
2010;;090201;creation;;PLF2010 sous-parties III et IV, créations
2010;;110236;creation;;PLF2010 sous-parties III et IV, créations
2010;;520108;creation;;PLF2010 sous-parties III et IV, créations
2010;;800403;creation;;PLF2010 sous-parties III et IV, créations
2010;;800404;creation;;PLF2010 sous-parties III et IV, créations
2010;;950102;creation;;PLF2010 sous-parties III et IV, créations
2010;;110253;creation;;PLF2010 sous-parties III et IV, créations
2010;;110254;creation;;PLF2010 sous-parties III et IV, créations
2010;;110255;creation;;PLF2010 sous-parties III et IV, créations
2010;;130217;creation;;PLF2010 sous-parties III et IV, créations
2010;;160206;creation;;PLF2010 sous-parties III et IV, créations
2010;;180105;creation;;PLF2010 sous-parties III et IV, créations
2010;;210320;creation;;PLF2010 sous-parties III et IV, créations
2010;;210321;creation;;PLF2010 sous-parties III et IV, créations
2010;;330106;creation;;PLF2010 sous-parties III et IV, créations
2010;;920201;creation;;PLF2010 sous-parties III et IV, créations
2010;;920202;creation;;PLF2010 sous-parties III et IV, créations
2010;;970101;creation;;PLF2010 sous-parties III et IV, créations
2010;080205;;declassement;;PLF2010 sous-partie III, déclassements
2010;120115;;suppression;;PLF2010 sous-parties III et IV, suppressions
2010;080101;;suppression;;PLF2010 sous-parties III et IV, suppressions
2010;080102;;suppression;;PLF2010 sous-parties III et IV, suppressions
2010;080103;;suppression;;PLF2010 sous-parties III et IV, suppressions
2010;080106;;suppression;;PLF2010 sous-parties III et IV, suppressions
2010;080107;;suppression;;PLF2010 sous-parties III et IV, suppressions
2010;080108;;suppression;;PLF2010 sous-parties III et IV, suppressions
2010;080109;;suppression;;PLF2010 sous-parties III et IV, suppressions
2010;080110;;suppression;;PLF2010 sous-parties III et IV, suppressions
2010;080111;;suppression;;PLF2010 sous-parties III et IV, suppressions
2010;080113;;suppression;;PLF2010 sous-parties III et IV, suppressions
2010;080201;;suppression;;PLF2010 sous-parties III et IV, suppressions
2010;080202;;suppression;;PLF2010 sous-parties III et IV, suppressions
2010;080203;;suppression;;PLF2010 sous-parties III et IV, suppressions
2010;080204;;suppression;;PLF2010 sous-parties III et IV, suppressions
2010;080206;;suppression;;PLF2010 sous-parties III et IV, suppressions
2010;080207;;suppression;;PLF2010 sous-parties III et IV, suppressions
2010;080208;;suppression;;PLF2010 sous-parties III et IV, suppressions
2010;110227;;suppression;;PLF2010 sous-parties III et IV, suppressions
2010;110247;;suppression;;PLF2010 sous-parties III et IV, suppressions
2010;110251;;suppression;;PLF2010 sous-parties III et IV, suppressions
2010;560104;;suppression;;PLF2010 sous-parties III et IV, suppressions
2010;730213;;suppression;;PLF2010 sous-parties III et IV, suppressions
2010;800113;;suppression;;PLF2010 sous-parties III et IV, suppressions
2010;110238;;suppression;;PLF2010 sous-parties III et IV, suppressions
2010;210317;;suppression;;PLF2010 sous-parties III et IV, suppressions
2010;320130;;suppression;;PLF2010 sous-parties III et IV, suppressions
2010;320133;;suppression;;PLF2010 sous-parties III et IV, suppressions
2010;800112;;suppression;;PLF2010 sous-parties III et IV, suppressions
2010;800405;;suppression;;PLF2010 sous-parties III et IV, suppressions
2010;110254;;suppression;;PLF2010 sous-parties III et IV, suppressions
2010;070202;;suppression;;PLF2010 sous-parties III et IV, suppressions
2010;100110;;suppression;;PLF2010 sous-parties III et IV, suppressions
2010;100113;;suppression;;PLF2010 sous-parties III et IV, suppressions
2010;130207;;suppression;;PLF2010 sous-parties III et IV, suppressions
2010;130208;;suppression;;PLF2010 sous-parties III et IV, suppressions
2010;130214;;suppression;;PLF2010 sous-parties III et IV, suppressions
2010;420105;;suppression;;PLF2010 sous-parties III et IV, suppressions
2010;420106;;suppression;;PLF2010 sous-parties III et IV, suppressions
2010;420107;;suppression;;PLF2010 sous-parties III et IV, suppressions
2010;210103;;suppression;;PLF2010 sous-parties III et IV, suppressions
2010;210108;;suppression;;PLF2010 sous-parties III et IV, suppressions
2010;090105;;suppression;;PLF2010 sous-parties III et IV, suppressions
2010;090106;;suppression;;PLF2010 sous-parties III et IV, suppressions
2010;090107;;suppression;;PLF2010 sous-parties III et IV, suppressions
2010;090108;;suppression;;PLF2010 sous-parties III et IV, suppressions
2010;090201;;suppression;;PLF2010 sous-parties III et IV, suppressions
2010;120209;;suppression;;PLF2010 sous-parties III et IV, suppressions
2010;120210;;suppression;;PLF2010 sous-parties III et IV, suppressions
2010;120211;;suppression;;PLF2010 sous-parties III et IV, suppressions
2010;810101;;suppression;;PLF2010 sous-parties III et IV, suppressions
2010;810201;;suppression;;PLF2010 sous-parties III et IV, suppressions
2010;800403;;suppression;;PLF2010 sous-parties III et IV, suppressions
2010;950102;;suppression;;PLF2010 sous-parties III et IV, suppressions
2010;800404;;suppression;;PLF2010 sous-parties III et IV, suppressions
2011;;100114;classement;;PLF2011 sous-partie III, classements
2011;;110258;classement;;PLF2011 sous-partie III, classements
2011;;110259;classement;;PLF2011 sous-partie III, classements
2011;;110257;creation;;PLF2011 sous-parties III et IV, créations
2011;;120143;creation;;PLF2011 sous-parties III et IV, créations
2011;;140127;creation;;PLF2011 sous-parties III et IV, créations
2011;;520122;creation;;PLF2011 sous-parties III et IV, créations
2011;;040101;creation;;PLF2011 sous-parties III et IV, créations
2011;;040102;creation;;PLF2011 sous-parties III et IV, créations
2011;;040103;creation;;PLF2011 sous-parties III et IV, créations
2011;;040105;creation;;PLF2011 sous-parties III et IV, créations
2011;;040106;creation;;PLF2011 sous-parties III et IV, créations
2011;;040107;creation;;PLF2011 sous-parties III et IV, créations
2011;;040109;creation;;PLF2011 sous-parties III et IV, créations
2011;;070203;creation;;PLF2011 sous-parties III et IV, créations
2011;;110216;creation;;PLF2011 sous-parties III et IV, créations
2011;;110226;creation;;PLF2011 sous-parties III et IV, créations
2011;;110227;creation;;PLF2011 sous-parties III et IV, créations
2011;;110240;creation;;PLF2011 sous-parties III et IV, créations
2011;;120203;creation;;PLF2011 sous-parties III et IV, créations
2011;;150118;creation;;PLF2011 sous-parties III et IV, créations
2011;;150119;creation;;PLF2011 sous-parties III et IV, créations
2011;;200302;creation;;PLF2011 sous-parties III et IV, créations
2011;;230204;creation;;PLF2011 sous-parties III et IV, créations
2011;;230602;creation;;PLF2011 sous-parties III et IV, créations
2011;;320125;creation;;PLF2011 sous-parties III et IV, créations
2011;;320128;creation;;PLF2011 sous-parties III et IV, créations
2011;;320131;creation;;PLF2011 sous-parties III et IV, créations
2011;;730204;creation;;PLF2011 sous-parties III et IV, créations
2011;;730215;creation;;PLF2011 sous-parties III et IV, créations
2011;;800405;creation;;PLF2011 sous-parties III et IV, créations
2011;;050102;creation;;PLF2011 sous-parties III et IV, créations
2011;;120144;creation;;PLF2011 sous-parties III et IV, créations
2011;;040108;creation;;PLF2011 sous-parties III et IV, créations
2011;;090109;creation;;PLF2011 sous-parties III et IV, créations
2011;100112;;declassement;;PLF2011 sous-partie III, déclassements
2011;120139;;declassement;;PLF2011 sous-partie III, déclassements
2011;190101;;declassement;;PLF2011 sous-partie III, déclassements
2011;250101;;declassement;;PLF2011 sous-partie III, déclassements
2011;130301;;suppression;;PLF2011 sous-parties III et IV, suppressions
2011;720101;;suppression;;PLF2011 sous-parties III et IV, suppressions
2011;110222;;suppression;;PLF2011 sous-parties III et IV, suppressions
2011;120117;;suppression;;PLF2011 sous-parties III et IV, suppressions
2011;200308;;suppression;;PLF2011 sous-parties III et IV, suppressions
2011;810101;;suppression;;PLF2011 sous-parties III et IV, suppressions
2011;810201;;suppression;;PLF2011 sous-parties III et IV, suppressions
2011;800403;;suppression;;PLF2011 sous-parties III et IV, suppressions
2011;800404;;suppression;;PLF2011 sous-parties III et IV, suppressions
2011;110232;;suppression;;PLF2011 sous-parties III et IV, suppressions
2011;110247;;suppression;;PLF2011 sous-parties III et IV, suppressions
2011;110216;;suppression;;PLF2011 sous-parties III et IV, suppressions
2011;110224;;suppression;;PLF2011 sous-parties III et IV, suppressions
2011;110210;;suppression;;PLF2011 sous-parties III et IV, suppressions
2011;110250;;suppression;;PLF2011 sous-parties III et IV, suppressions
2011;110251;;suppression;;PLF2011 sous-parties III et IV, suppressions
2011;110252;;suppression;;PLF2011 sous-parties III et IV, suppressions
2011;320113;;suppression;;PLF2011 sous-parties III et IV, suppressions
2011;400202;;suppression;;PLF2011 sous-parties III et IV, suppressions
2011;110230;;suppression;;PLF2011 sous-parties III et IV, suppressions
2011;130208;;suppression;;PLF2011 sous-parties III et IV, suppressions
2011;130214;;suppression;;PLF2011 sous-parties III et IV, suppressions
2011;180306;;suppression;;PLF2011 sous-parties III et IV, suppressions
2011;200205;;suppression;;PLF2011 sous-parties III et IV, suppressions
2011;200212;;suppression;;PLF2011 sous-parties III et IV, suppressions
2011;320106;;suppression;;PLF2011 sous-parties III et IV, suppressions
2011;320120;;suppression;;PLF2011 sous-parties III et IV, suppressions
2011;320126;;suppression;;PLF2011 sous-parties III et IV, suppressions
2011;950103;;suppression;;PLF2011 sous-parties III et IV, suppressions
2011;200215;;suppression;;PLF2011 sous-parties III et IV, suppressions
2012;;800117;creation;;PLF2012 sous-parties III et IV, créations
2012;;820101;creation;;PLF2012 sous-parties III et IV, créations
2012;;820102;creation;;PLF2012 sous-parties III et IV, créations
2012;;820103;creation;;PLF2012 sous-parties III et IV, créations
2012;;110102;creation;;PLF2012 sous-parties III et IV, créations
2012;;110236;creation;;PLF2012 sous-parties III et IV, créations
2012;;110240;creation;;PLF2012 sous-parties III et IV, créations
2012;;110245;creation;;PLF2012 sous-parties III et IV, créations
2012;;110256;creation;;PLF2012 sous-parties III et IV, créations
2012;;120504;creation;;PLF2012 sous-parties III et IV, créations
2012;;210318;creation;;PLF2012 sous-parties III et IV, créations
2012;;210320;creation;;PLF2012 sous-parties III et IV, créations
2012;;230403;creation;;PLF2012 sous-parties III et IV, créations
2012;;320121;creation;;PLF2012 sous-parties III et IV, créations
2012;;320129;creation;;PLF2012 sous-parties III et IV, créations
2012;;320126;creation;;PLF2012 sous-parties III et IV, créations
2012;;320131;creation;;PLF2012 sous-parties III et IV, créations
2012;;400201;creation;;PLF2012 sous-parties III et IV, créations
2012;;800107;creation;;PLF2012 sous-parties III et IV, créations
2012;;800405;creation;;PLF2012 sous-parties III et IV, créations
2012;;800406;creation;;PLF2012 sous-parties III et IV, créations
2012;;950102;creation;;PLF2012 sous-parties III et IV, créations
2012;;110222;creation;;PLF2012 sous-parties III et IV, créations
2012;;110250;creation;;PLF2012 sous-parties III et IV, créations
2012;;110251;creation;;PLF2012 sous-parties III et IV, créations
2012;;110252;creation;;PLF2012 sous-parties III et IV, créations
2012;;210313;creation;;PLF2012 sous-parties III et IV, créations
2012;;220104;creation;;PLF2012 sous-parties III et IV, créations
2012;120308;;declassement;;PLF2012 sous-partie III, déclassements
2012;120139;;declassement;;PLF2012 sous-partie III, déclassements
2012;110253;;suppression;;PLF2012 sous-parties III et IV, suppressions
2012;120135;;suppression;;PLF2012 sous-parties III et IV, suppressions
2012;120144;;suppression;;PLF2012 sous-parties III et IV, suppressions
2012;330103;;suppression;;PLF2012 sous-parties III et IV, suppressions
2012;730209;;suppression;;PLF2012 sous-parties III et IV, suppressions
2012;110221;;suppression;;PLF2012 sous-parties III et IV, suppressions
2012;140122;;suppression;;PLF2012 sous-parties III et IV, suppressions
2012;110102;;suppression;;PLF2012 sous-parties III et IV, suppressions
2012;110302;;suppression;;PLF2012 sous-parties III et IV, suppressions
2012;130208;;suppression;;PLF2012 sous-parties III et IV, suppressions
2012;100102;;suppression;;PLF2012 sous-parties III et IV, suppressions
2012;130302;;suppression;;PLF2012 sous-parties III et IV, suppressions
2012;130301;;suppression;;PLF2012 sous-parties III et IV, suppressions
2012;150706;;suppression;;PLF2012 sous-parties III et IV, suppressions
2012;150710;;suppression;;PLF2012 sous-parties III et IV, suppressions
2012;200302;;suppression;;PLF2012 sous-parties III et IV, suppressions
2012;210320;;suppression;;PLF2012 sous-parties III et IV, suppressions
2012;400202;;suppression;;PLF2012 sous-parties III et IV, suppressions
2012;400203;;suppression;;PLF2012 sous-parties III et IV, suppressions
2012;320102;;suppression;;PLF2012 sous-parties III et IV, suppressions
2012;110222;;suppression;;PLF2012 sous-parties III et IV, suppressions
2012;110224;;suppression;;PLF2012 sous-parties III et IV, suppressions
2012;110210;;suppression;;PLF2012 sous-parties III et IV, suppressions
2012;110250;;suppression;;PLF2012 sous-parties III et IV, suppressions
2012;110251;;suppression;;PLF2012 sous-parties III et IV, suppressions
2012;110252;;suppression;;PLF2012 sous-parties III et IV, suppressions
2012;110239;;suppression;;PLF2012 sous-parties III et IV, suppressions
2012;110243;;suppression;;PLF2012 sous-parties III et IV, suppressions
2012;110247;;suppression;;PLF2012 sous-parties III et IV, suppressions
2012;120211;;suppression;;PLF2012 sous-parties III et IV, suppressions
2012;140121;;suppression;;PLF2012 sous-parties III et IV, suppressions
2012;180304;;suppression;;PLF2012 sous-parties III et IV, suppressions
2012;200201;;suppression;;PLF2012 sous-parties III et IV, suppressions
2012;200207;;suppression;;PLF2012 sous-parties III et IV, suppressions
2012;200213;;suppression;;PLF2012 sous-parties III et IV, suppressions
2012;230404;;suppression;;PLF2012 sous-parties III et IV, suppressions
2012;230509;;suppression;;PLF2012 sous-parties III et IV, suppressions
2012;320137;;suppression;;PLF2012 sous-parties III et IV, suppressions
2012;520117;;suppression;;PLF2012 sous-parties III et IV, suppressions
2012;080108;;suppression;;PLF2012 sous-parties III et IV, suppressions
2012;080109;;suppression;;PLF2012 sous-parties III et IV, suppressions
2012;080110;;suppression;;PLF2012 sous-parties III et IV, suppressions
2012;080111;;suppression;;PLF2012 sous-parties III et IV, suppressions
2012;080113;;suppression;;PLF2012 sous-parties III et IV, suppressions
2012;090101;;suppression;;PLF2012 sous-parties III et IV, suppressions
2012;090102;;suppression;;PLF2012 sous-parties III et IV, suppressions
2012;090103;;suppression;;PLF2012 sous-parties III et IV, suppressions
2012;090104;;suppression;;PLF2012 sous-parties III et IV, suppressions
2012;090105;;suppression;;PLF2012 sous-parties III et IV, suppressions
2012;090106;;suppression;;PLF2012 sous-parties III et IV, suppressions
2012;090107;;suppression;;PLF2012 sous-parties III et IV, suppressions
2012;090108;;suppression;;PLF2012 sous-parties III et IV, suppressions
2012;090109;;suppression;;PLF2012 sous-parties III et IV, suppressions
2012;090201;;suppression;;PLF2012 sous-parties III et IV, suppressions
2012;100101;;suppression;;PLF2012 sous-parties III et IV, suppressions
2013;200308;220105;renumerotation;Impôt sur le revenu et impôt sur Exonération totale ou partielle des bénéfices réalisés par les Impôt sur le revenu et impôt sur;PLF2013 sous-partie III, reclassement par renumérotation
2013;220103;230605;renumerotation;Impôt sur le revenu et impôt sur Exonération du bénéfice réalisé par les entreprises créées en Impôt sur le revenu et impôt sur;PLF2013 sous-partie III, reclassement par renumérotation
2013;;150120;creation;;PLF2013 sous-parties III et IV, créations
2013;;230510;creation;;PLF2013 sous-parties III et IV, créations
2013;;150201;creation;;PLF2013 sous-parties III et IV, créations
2013;;110244;creation;;PLF2013 sous-parties III et IV, créations
2013;;110250;creation;;PLF2013 sous-parties III et IV, créations
2013;;230403;creation;;PLF2013 sous-parties III et IV, créations
2013;;320132;creation;;PLF2013 sous-parties III et IV, créations
2013;;320131;creation;;PLF2013 sous-parties III et IV, créations
2013;;730207;creation;;PLF2013 sous-parties III et IV, créations
2013;;730220;creation;;PLF2013 sous-parties III et IV, créations
2013;;800405;creation;;PLF2013 sous-parties III et IV, créations
2013;;200302;creation;;PLF2013 sous-parties III et IV, créations
2013;;950102;creation;;PLF2013 sous-parties III et IV, créations
2013;;070101;creation;;PLF2013 sous-parties III et IV, créations
2013;;730213;creation;;PLF2013 sous-parties III et IV, créations
2013;;120401;creation;;PLF2013 sous-parties III et IV, créations
2013;;730221;creation;;PLF2013 sous-parties III et IV, créations
2013;;110227;creation;;PLF2013 sous-parties III et IV, créations
2013;;110246;creation;;PLF2013 sous-parties III et IV, créations
2013;;800201;creation;;PLF2013 sous-parties III et IV, créations
2013;;730303;creation;;PLF2013 sous-parties III et IV, créations
2013;;120202;creation;;PLF2013 sous-parties III et IV, créations
2013;;110214;creation;;PLF2013 sous-parties III et IV, créations
2013;;110247;creation;;PLF2013 sous-parties III et IV, créations
2013;;120108;creation;;PLF2013 sous-parties III et IV, créations
2013;;210313;creation;;PLF2013 sous-parties III et IV, créations
2013;;110260;creation;;PLF2013 sous-parties III et IV, créations
2013;;150121;creation;;PLF2013 sous-parties III et IV, créations
2013;;150406;creation;;PLF2013 sous-parties III et IV, créations
2013;;210323;creation;;PLF2013 sous-parties III et IV, créations
2013;;320141;creation;;PLF2013 sous-parties III et IV, créations
2013;160102;;declassement;;PLF2013 sous-partie III, déclassements
2013;110250;;suppression;;PLF2013 sous-parties III et IV, suppressions
2013;110251;;suppression;;PLF2013 sous-parties III et IV, suppressions
2013;110252;;suppression;;PLF2013 sous-parties III et IV, suppressions
2013;110258;;suppression;;PLF2013 sous-parties III et IV, suppressions
2013;110259;;suppression;;PLF2013 sous-parties III et IV, suppressions
2013;150514;;suppression;;PLF2013 sous-parties III et IV, suppressions
2013;120136;;suppression;;PLF2013 sous-parties III et IV, suppressions
2013;110222;;suppression;;PLF2013 sous-parties III et IV, suppressions
2013;140122;;suppression;;PLF2013 sous-parties III et IV, suppressions
2013;210313;;suppression;;PLF2013 sous-parties III et IV, suppressions
2013;730212;;suppression;;PLF2013 sous-parties III et IV, suppressions
2013;800201;;suppression;;PLF2013 sous-parties III et IV, suppressions
2013;110102;;suppression;;PLF2013 sous-parties III et IV, suppressions
2013;110302;;suppression;;PLF2013 sous-parties III et IV, suppressions
2013;130208;;suppression;;PLF2013 sous-parties III et IV, suppressions
2013;100102;;suppression;;PLF2013 sous-parties III et IV, suppressions
2013;130302;;suppression;;PLF2013 sous-parties III et IV, suppressions
2013;130301;;suppression;;PLF2013 sous-parties III et IV, suppressions
2013;110224;;suppression;;PLF2013 sous-parties III et IV, suppressions
2013;110210;;suppression;;PLF2013 sous-parties III et IV, suppressions
2013;710103;;suppression;;PLF2013 sous-parties III et IV, suppressions
2013;720201;;suppression;;PLF2013 sous-parties III et IV, suppressions
2013;140201;;suppression;;PLF2013 sous-parties III et IV, suppressions
2013;040103;;suppression;;PLF2013 sous-parties III et IV, suppressions
2013;070202;;suppression;;PLF2013 sous-parties III et IV, suppressions
2013;090103;;suppression;;PLF2013 sous-parties III et IV, suppressions
2013;110229;;suppression;;PLF2013 sous-parties III et IV, suppressions
2013;110233;;suppression;;PLF2013 sous-parties III et IV, suppressions
2013;110247;;suppression;;PLF2013 sous-parties III et IV, suppressions
2013;110255;;suppression;;PLF2013 sous-parties III et IV, suppressions
2013;150118;;suppression;;PLF2013 sous-parties III et IV, suppressions
2013;150119;;suppression;;PLF2013 sous-parties III et IV, suppressions
2013;190210;;suppression;;PLF2013 sous-parties III et IV, suppressions
2013;200216;;suppression;;PLF2013 sous-parties III et IV, suppressions
2013;230204;;suppression;;PLF2013 sous-parties III et IV, suppressions
2013;320123;;suppression;;PLF2013 sous-parties III et IV, suppressions
2013;320125;;suppression;;PLF2013 sous-parties III et IV, suppressions
2013;320126;;suppression;;PLF2013 sous-parties III et IV, suppressions
2013;800405;;suppression;;PLF2013 sous-parties III et IV, suppressions
2013;950103;;suppression;;PLF2013 sous-parties III et IV, suppressions
2014;;150517;creation;;PLF2014 sous-parties III et IV, créations
2014;;210324;creation;;PLF2014 sous-parties III et IV, créations
2014;;150201;creation;;PLF2014 sous-parties III et IV, créations
2014;;150518;creation;;PLF2014 sous-parties III et IV, créations
2014;;200214;creation;;PLF2014 sous-parties III et IV, créations
2014;;100201;creation;;PLF2014 sous-parties III et IV, créations
2014;;110202;creation;;PLF2014 sous-parties III et IV, créations
2014;;110216;creation;;PLF2014 sous-parties III et IV, créations
2014;;110218;creation;;PLF2014 sous-parties III et IV, créations
2014;;110228;creation;;PLF2014 sous-parties III et IV, créations
2014;;110236;creation;;PLF2014 sous-parties III et IV, créations
2014;;110240;creation;;PLF2014 sous-parties III et IV, créations
2014;;110245;creation;;PLF2014 sous-parties III et IV, créations
2014;;110250;creation;;PLF2014 sous-parties III et IV, créations
2014;;110251;creation;;PLF2014 sous-parties III et IV, créations
2014;;110252;creation;;PLF2014 sous-parties III et IV, créations
2014;;210316;creation;;PLF2014 sous-parties III et IV, créations
2014;;230203;creation;;PLF2014 sous-parties III et IV, créations
2014;;230403;creation;;PLF2014 sous-parties III et IV, créations
2014;;320128;creation;;PLF2014 sous-parties III et IV, créations
2014;;320131;creation;;PLF2014 sous-parties III et IV, créations
2014;;320140;creation;;PLF2014 sous-parties III et IV, créations
2014;;800405;creation;;PLF2014 sous-parties III et IV, créations
2014;;950102;creation;;PLF2014 sous-parties III et IV, créations
2014;;210321;creation;;PLF2014 sous-parties III et IV, créations
2014;;730204;creation;;PLF2014 sous-parties III et IV, créations
2014;;730210;creation;;PLF2014 sous-parties III et IV, créations
2014;;730216;creation;;PLF2014 sous-parties III et IV, créations
2014;;800114;creation;;PLF2014 sous-parties III et IV, créations
2014;;170307;creation;;PLF2014 sous-parties III et IV, créations
2014;;520123;creation;;PLF2014 sous-parties III et IV, créations
2014;;520402;creation;;PLF2014 sous-parties III et IV, créations
2014;;150701;creation;;PLF2014 sous-parties III et IV, créations
2014;;150704;creation;;PLF2014 sous-parties III et IV, créations
2014;;150705;creation;;PLF2014 sous-parties III et IV, créations
2014;;150706;creation;;PLF2014 sous-parties III et IV, créations
2014;;150707;creation;;PLF2014 sous-parties III et IV, créations
2014;;150708;creation;;PLF2014 sous-parties III et IV, créations
2014;;150709;creation;;PLF2014 sous-parties III et IV, créations
2014;;150710;creation;;PLF2014 sous-parties III et IV, créations
2014;140306;;suppression;;PLF2014 sous-parties III et IV, suppressions
2014;150201;;suppression;;PLF2014 sous-parties III et IV, suppressions
2014;150512;;suppression;;PLF2014 sous-parties III et IV, suppressions
2014;400201;;suppression;;PLF2014 sous-parties III et IV, suppressions
2014;710103;;suppression;;PLF2014 sous-parties III et IV, suppressions
2014;720201;;suppression;;PLF2014 sous-parties III et IV, suppressions
2014;110215;;suppression;;PLF2014 sous-parties III et IV, suppressions
2014;110242;;suppression;;PLF2014 sous-parties III et IV, suppressions
2014;110257;;suppression;;PLF2014 sous-parties III et IV, suppressions
2014;120101;;suppression;;PLF2014 sous-parties III et IV, suppressions
2014;120114;;suppression;;PLF2014 sous-parties III et IV, suppressions
2014;120208;;suppression;;PLF2014 sous-parties III et IV, suppressions
2014;140110;;suppression;;PLF2014 sous-parties III et IV, suppressions
2014;150709;;suppression;;PLF2014 sous-parties III et IV, suppressions
2014;150711;;suppression;;PLF2014 sous-parties III et IV, suppressions
2014;160203;;suppression;;PLF2014 sous-parties III et IV, suppressions
2014;200102;;suppression;;PLF2014 sous-parties III et IV, suppressions
2014;230405;;suppression;;PLF2014 sous-parties III et IV, suppressions
2014;330106;;suppression;;PLF2014 sous-parties III et IV, suppressions
2014;800107;;suppression;;PLF2014 sous-parties III et IV, suppressions
2014;800116;;suppression;;PLF2014 sous-parties III et IV, suppressions
2014;150114;;suppression;;PLF2014 sous-parties III et IV, suppressions
2014;150117;;suppression;;PLF2014 sous-parties III et IV, suppressions
2014;150120;;suppression;;PLF2014 sous-parties III et IV, suppressions
2014;800201;;suppression;;PLF2014 sous-parties III et IV, suppressions
2014;110221;;suppression;;PLF2014 sous-parties III et IV, suppressions
2014;120136;;suppression;;PLF2014 sous-parties III et IV, suppressions
2014;120209;;suppression;;PLF2014 sous-parties III et IV, suppressions
2014;130211;;suppression;;PLF2014 sous-parties III et IV, suppressions
2014;420106;;suppression;;PLF2014 sous-parties III et IV, suppressions
2014;420107;;suppression;;PLF2014 sous-parties III et IV, suppressions
2014;200305;;suppression;;PLF2014 sous-parties III et IV, suppressions
2014;310205;;suppression;;PLF2014 sous-parties III et IV, suppressions
2015;200309;230606;renumerotation;Impôt sur le revenu et impôt sur les sociétés Exonération des entreprises qui exercent une Impôt sur le revenu et impôt sur les;PLF2015 sous-partie III, reclassement par renumérotation
2015;;110215;creation;;PLF2015 sous-parties III et IV, créations
2015;;110242;creation;;PLF2015 sous-parties III et IV, créations
2015;;110262;creation;;PLF2015 sous-parties III et IV, créations
2015;;580103;creation;;PLF2015 sous-parties III et IV, créations
2015;;730223;creation;;PLF2015 sous-parties III et IV, créations
2015;;110222;creation;;PLF2015 sous-parties III et IV, créations
2015;;110226;creation;;PLF2015 sous-parties III et IV, créations
2015;;120101;creation;;PLF2015 sous-parties III et IV, créations
2015;;150118;creation;;PLF2015 sous-parties III et IV, créations
2015;;150119;creation;;PLF2015 sous-parties III et IV, créations
2015;;150201;creation;;PLF2015 sous-parties III et IV, créations
2015;;200216;creation;;PLF2015 sous-parties III et IV, créations
2015;;220104;creation;;PLF2015 sous-parties III et IV, créations
2015;;230203;creation;;PLF2015 sous-parties III et IV, créations
2015;;230403;creation;;PLF2015 sous-parties III et IV, créations
2015;;230602;creation;;PLF2015 sous-parties III et IV, créations
2015;;230605;creation;;PLF2015 sous-parties III et IV, créations
2015;;230606;creation;;PLF2015 sous-parties III et IV, créations
2015;;300111;creation;;PLF2015 sous-parties III et IV, créations
2015;;320121;creation;;PLF2015 sous-parties III et IV, créations
2015;;320135;creation;;PLF2015 sous-parties III et IV, créations
2015;;320140;creation;;PLF2015 sous-parties III et IV, créations
2015;;320141;creation;;PLF2015 sous-parties III et IV, créations
2015;;400108;creation;;PLF2015 sous-parties III et IV, créations
2015;;520109;creation;;PLF2015 sous-parties III et IV, créations
2015;;710103;creation;;PLF2015 sous-parties III et IV, créations
2015;;730210;creation;;PLF2015 sous-parties III et IV, créations
2015;;210325;creation;;PLF2015 sous-parties III et IV, créations
2015;;320136;creation;;PLF2015 sous-parties III et IV, créations
2015;;730222;creation;;PLF2015 sous-parties III et IV, créations
2015;;800210;creation;;PLF2015 sous-parties III et IV, créations
2015;;520124;creation;;PLF2015 sous-parties III et IV, créations
2015;;520125;creation;;PLF2015 sous-parties III et IV, créations
2015;;730224;creation;;PLF2015 sous-parties III et IV, créations
2015;;730216;creation;;PLF2015 sous-parties III et IV, créations
2015;;110261;creation;;PLF2015 sous-parties III et IV, créations
2015;;800201;creation;;PLF2015 sous-parties III et IV, créations
2015;;800401;creation;;PLF2015 sous-parties III et IV, créations
2015;;800403;creation;;PLF2015 sous-parties III et IV, créations
2015;;800404;creation;;PLF2015 sous-parties III et IV, créations
2015;060105;;suppression;;PLF2015 sous-parties III et IV, suppressions
2015;310201;;suppression;;PLF2015 sous-parties III et IV, suppressions
2015;400301;;suppression;;PLF2015 sous-parties III et IV, suppressions
2015;800204;;suppression;;PLF2015 sous-parties III et IV, suppressions
2015;140120;;suppression;;PLF2015 sous-parties III et IV, suppressions
2015;140127;;suppression;;PLF2015 sous-parties III et IV, suppressions
2015;150114;;suppression;;PLF2015 sous-parties III et IV, suppressions
2015;150515;;suppression;;PLF2015 sous-parties III et IV, suppressions
2015;150517;;suppression;;PLF2015 sous-parties III et IV, suppressions
2015;150518;;suppression;;PLF2015 sous-parties III et IV, suppressions
2015;210311;;suppression;;PLF2015 sous-parties III et IV, suppressions
2015;300206;;suppression;;PLF2015 sous-parties III et IV, suppressions
2015;730203;;suppression;;PLF2015 sous-parties III et IV, suppressions
2015;730204;;suppression;;PLF2015 sous-parties III et IV, suppressions
2015;730210;;suppression;;PLF2015 sous-parties III et IV, suppressions
2015;730212;;suppression;;PLF2015 sous-parties III et IV, suppressions
2015;730216;;suppression;;PLF2015 sous-parties III et IV, suppressions
2015;730219;;suppression;;PLF2015 sous-parties III et IV, suppressions
2015;110257;;suppression;;PLF2015 sous-parties III et IV, suppressions
2015;150709;;suppression;;PLF2015 sous-parties III et IV, suppressions
2015;150711;;suppression;;PLF2015 sous-parties III et IV, suppressions
2015;320131;;suppression;;PLF2015 sous-parties III et IV, suppressions
2015;320132;;suppression;;PLF2015 sous-parties III et IV, suppressions
2015;800116;;suppression;;PLF2015 sous-parties III et IV, suppressions
2015;300105;;suppression;;PLF2015 sous-parties III et IV, suppressions
2016;;040109;creation;;PLF2016 sous-parties III et IV, créations
2016;;090109;creation;;PLF2016 sous-parties III et IV, créations
2016;;050110;creation;;PLF2016 sous-parties III et IV, créations
2016;;230302;creation;;PLF2016 sous-parties III et IV, créations
2016;;800211;creation;;PLF2016 sous-parties III et IV, créations
2016;;110222;creation;;PLF2016 sous-parties III et IV, créations
2016;;110236;creation;;PLF2016 sous-parties III et IV, créations
2016;;110244;creation;;PLF2016 sous-parties III et IV, créations
2016;;140117;creation;;PLF2016 sous-parties III et IV, créations
2016;;150201;creation;;PLF2016 sous-parties III et IV, créations
2016;;210305;creation;;PLF2016 sous-parties III et IV, créations
2016;;210316;creation;;PLF2016 sous-parties III et IV, créations
2016;;210321;creation;;PLF2016 sous-parties III et IV, créations
2016;;220102;creation;;PLF2016 sous-parties III et IV, créations
2016;;220104;creation;;PLF2016 sous-parties III et IV, créations
2016;;230203;creation;;PLF2016 sous-parties III et IV, créations
2016;;230403;creation;;PLF2016 sous-parties III et IV, créations
2016;;230602;creation;;PLF2016 sous-parties III et IV, créations
2016;;230606;creation;;PLF2016 sous-parties III et IV, créations
2016;;300111;creation;;PLF2016 sous-parties III et IV, créations
2016;;320116;creation;;PLF2016 sous-parties III et IV, créations
2016;;320128;creation;;PLF2016 sous-parties III et IV, créations
2016;;320129;creation;;PLF2016 sous-parties III et IV, créations
2016;;320140;creation;;PLF2016 sous-parties III et IV, créations
2016;;400108;creation;;PLF2016 sous-parties III et IV, créations
2016;;730210;creation;;PLF2016 sous-parties III et IV, créations
2016;;110263;creation;;PLF2016 sous-parties III et IV, créations
2016;;120402;creation;;PLF2016 sous-parties III et IV, créations
2016;;230607;creation;;PLF2016 sous-parties III et IV, créations
2016;;430101;creation;;PLF2016 sous-parties III et IV, créations
2016;;520126;creation;;PLF2016 sous-parties III et IV, créations
2016;;520403;creation;;PLF2016 sous-parties III et IV, créations
2016;110211;;suppression;;PLF2016 sous-parties III et IV, suppressions
2016;530209;;suppression;;PLF2016 sous-parties III et IV, suppressions
2016;110227;;suppression;;PLF2016 sous-parties III et IV, suppressions
2016;300206;;suppression;;PLF2016 sous-parties III et IV, suppressions
2016;320140;;suppression;;PLF2016 sous-parties III et IV, suppressions
2016;800403;;suppression;;PLF2016 sous-parties III et IV, suppressions
2016;320128;;suppression;;PLF2016 sous-parties III et IV, suppressions
2016;060106;;suppression;;PLF2016 sous-parties III et IV, suppressions
2016;110210;;suppression;;PLF2016 sous-parties III et IV, suppressions
2016;040107;;suppression;;PLF2016 sous-parties III et IV, suppressions
2016;050108;;suppression;;PLF2016 sous-parties III et IV, suppressions
2016;090107;;suppression;;PLF2016 sous-parties III et IV, suppressions
2016;210320;;suppression;;PLF2016 sous-parties III et IV, suppressions
2016;540101;;suppression;;PLF2016 sous-parties III et IV, suppressions
2016;550101;;suppression;;PLF2016 sous-parties III et IV, suppressions
2016;800204;;suppression;;PLF2016 sous-parties III et IV, suppressions
2016;130207;;suppression;;PLF2016 sous-parties III et IV, suppressions
2016;090105;;suppression;;PLF2016 sous-parties III et IV, suppressions
2016;090106;;suppression;;PLF2016 sous-parties III et IV, suppressions
2016;090108;;suppression;;PLF2016 sous-parties III et IV, suppressions
2016;090109;;suppression;;PLF2016 sous-parties III et IV, suppressions
2016;090201;;suppression;;PLF2016 sous-parties III et IV, suppressions
2016;060103;;suppression;;PLF2016 sous-parties III et IV, suppressions
2016;110226;;suppression;;PLF2016 sous-parties III et IV, suppressions
2016;110241;;suppression;;PLF2016 sous-parties III et IV, suppressions
2017;230302;220104;renumerotation;;PLF2017 sous-partie III, reclassement par renumérotation
2017;;120509;creation;;PLF2017 sous-parties III et IV, créations
2017;;140309;creation;;PLF2017 sous-parties III et IV, créations
2017;;190211;creation;;PLF2017 sous-parties III et IV, créations
2017;;200215;creation;;PLF2017 sous-parties III et IV, créations
2017;;200217;creation;;PLF2017 sous-parties III et IV, créations
2017;;320142;creation;;PLF2017 sous-parties III et IV, créations
2017;;320143;creation;;PLF2017 sous-parties III et IV, créations
2017;;800212;creation;;PLF2017 sous-parties III et IV, créations
2017;;820201;creation;;PLF2017 sous-parties III et IV, créations
2017;;820202;creation;;PLF2017 sous-parties III et IV, créations
2017;;820203;creation;;PLF2017 sous-parties III et IV, créations
2017;;820204;creation;;PLF2017 sous-parties III et IV, créations
2017;;110103;creation;;PLF2017 sous-parties III et IV, créations
2017;;110211;creation;;PLF2017 sous-parties III et IV, créations
2017;;110249;creation;;PLF2017 sous-parties III et IV, créations
2017;;150118;creation;;PLF2017 sous-parties III et IV, créations
2017;;150119;creation;;PLF2017 sous-parties III et IV, créations
2017;;210204;creation;;PLF2017 sous-parties III et IV, créations
2017;;210313;creation;;PLF2017 sous-parties III et IV, créations
2017;;210316;creation;;PLF2017 sous-parties III et IV, créations
2017;;210321;creation;;PLF2017 sous-parties III et IV, créations
2017;;220104;creation;;PLF2017 sous-parties III et IV, créations
2017;;150713;creation;;PLF2017 sous-parties III et IV, créations
2017;;520127;creation;;PLF2017 sous-parties III et IV, créations
2017;;070204;creation;;PLF2017 sous-parties III et IV, créations
2017;;110308;creation;;PLF2017 sous-parties III et IV, créations
2017;;950103;creation;;PLF2017 sous-parties III et IV, créations
2017;;040108;creation;;PLF2017 sous-parties III et IV, créations
2017;;050109;creation;;PLF2017 sous-parties III et IV, créations
2017;;060108;creation;;PLF2017 sous-parties III et IV, créations
2017;;090108;creation;;PLF2017 sous-parties III et IV, créations
2017;170501;;suppression;;PLF2017 sous-parties III et IV, suppressions
2017;230506;;suppression;;PLF2017 sous-parties III et IV, suppressions
2017;820102;;suppression;;PLF2017 sous-parties III et IV, suppressions
2017;820103;;suppression;;PLF2017 sous-parties III et IV, suppressions
2017;400202;;suppression;;PLF2017 sous-parties III et IV, suppressions
2017;120110;;suppression;;PLF2017 sous-parties III et IV, suppressions
2017;200206;;suppression;;PLF2017 sous-parties III et IV, suppressions
2017;520124;;suppression;;PLF2017 sous-parties III et IV, suppressions
2017;800107;;suppression;;PLF2017 sous-parties III et IV, suppressions
2017;800406;;suppression;;PLF2017 sous-parties III et IV, suppressions
2017;100114;;suppression;;PLF2017 sous-parties III et IV, suppressions
2017;110234;;suppression;;PLF2017 sous-parties III et IV, suppressions
2017;210102;;suppression;;PLF2017 sous-parties III et IV, suppressions
2017;210312;;suppression;;PLF2017 sous-parties III et IV, suppressions
2017;090105;;suppression;;PLF2017 sous-parties III et IV, suppressions
2017;090106;;suppression;;PLF2017 sous-parties III et IV, suppressions
2017;090107;;suppression;;PLF2017 sous-parties III et IV, suppressions
2017;090108;;suppression;;PLF2017 sous-parties III et IV, suppressions
2017;090109;;suppression;;PLF2017 sous-parties III et IV, suppressions
2017;090201;;suppression;;PLF2017 sous-parties III et IV, suppressions
2017;100101;;suppression;;PLF2017 sous-parties III et IV, suppressions
2017;100102;;suppression;;PLF2017 sous-parties III et IV, suppressions
2017;100105;;suppression;;PLF2017 sous-parties III et IV, suppressions
2017;100201;;suppression;;PLF2017 sous-parties III et IV, suppressions
2017;060102;;suppression;;PLF2017 sous-parties III et IV, suppressions
2017;060103;;suppression;;PLF2017 sous-parties III et IV, suppressions
2017;060104;;suppression;;PLF2017 sous-parties III et IV, suppressions
2018;;110264;creation;;PLF2018 sous-parties III et IV, créations
2018;;120144;creation;;PLF2018 sous-parties III et IV, créations
2018;;120145;creation;;PLF2018 sous-parties III et IV, créations
2018;;130101;creation;;PLF2018 sous-parties III et IV, créations
2018;;130218;creation;;PLF2018 sous-parties III et IV, créations
2018;;800213;creation;;PLF2018 sous-parties III et IV, créations
2018;;040110;creation;;PLF2018 sous-parties III et IV, créations
2018;;090110;creation;;PLF2018 sous-parties III et IV, créations
2018;;110240;creation;;PLF2018 sous-parties III et IV, créations
2018;;110244;creation;;PLF2018 sous-parties III et IV, créations
2018;;110249;creation;;PLF2018 sous-parties III et IV, créations
2018;;140309;creation;;PLF2018 sous-parties III et IV, créations
2018;;150118;creation;;PLF2018 sous-parties III et IV, créations
2018;;150119;creation;;PLF2018 sous-parties III et IV, créations
2018;;160206;creation;;PLF2018 sous-parties III et IV, créations
2018;;210205;creation;;PLF2018 sous-parties III et IV, créations
2018;;210312;creation;;PLF2018 sous-parties III et IV, créations
2018;;210313;creation;;PLF2018 sous-parties III et IV, créations
2018;;210322;creation;;PLF2018 sous-parties III et IV, créations
2018;;300102;creation;;PLF2018 sous-parties III et IV, créations
2018;;320135;creation;;PLF2018 sous-parties III et IV, créations
2018;;320140;creation;;PLF2018 sous-parties III et IV, créations
2018;;440102;creation;;PLF2018 sous-parties III et IV, créations
2018;;440103;creation;;PLF2018 sous-parties III et IV, créations
2018;;440201;creation;;PLF2018 sous-parties III et IV, créations
2018;;800114;creation;;PLF2018 sous-parties III et IV, créations
2018;;800117;creation;;PLF2018 sous-parties III et IV, créations
2018;;800201;creation;;PLF2018 sous-parties III et IV, créations
2018;;800203;creation;;PLF2018 sous-parties III et IV, créations
2018;;800208;creation;;PLF2018 sous-parties III et IV, créations
2018;;800210;creation;;PLF2018 sous-parties III et IV, créations
2018;;800211;creation;;PLF2018 sous-parties III et IV, créations
2018;;800401;creation;;PLF2018 sous-parties III et IV, créations
2018;;800403;creation;;PLF2018 sous-parties III et IV, créations
2018;;800404;creation;;PLF2018 sous-parties III et IV, créations
2018;;210324;creation;;PLF2018 sous-parties III et IV, créations
2018;;200302;creation;;PLF2018 sous-parties III et IV, créations
2018;;110246;creation;;PLF2018 sous-parties III et IV, créations
2018;;120401;creation;;PLF2018 sous-parties III et IV, créations
2018;;730213;creation;;PLF2018 sous-parties III et IV, créations
2018;;730221;creation;;PLF2018 sous-parties III et IV, créations
2018;;730303;creation;;PLF2018 sous-parties III et IV, créations
2018;;730210;creation;;PLF2018 sous-parties III et IV, créations
2018;;120202;creation;;PLF2018 sous-parties III et IV, créations
2018;;190212;creation;;PLF2018 sous-parties III et IV, créations
2018;;230411;creation;;PLF2018 sous-parties III et IV, créations
2018;;550104;creation;;PLF2018 sous-parties III et IV, créations
2018;;800118;creation;;PLF2018 sous-parties III et IV, créations
2018;;800214;creation;;PLF2018 sous-parties III et IV, créations
2018;;440101;creation;;PLF2018 sous-parties III et IV, créations
2018;400107;;suppression;;PLF2018 sous-parties III et IV, suppressions
2018;400108;;suppression;;PLF2018 sous-parties III et IV, suppressions
2018;400110;;suppression;;PLF2018 sous-parties III et IV, suppressions
2018;400111;;suppression;;PLF2018 sous-parties III et IV, suppressions
2018;400112;;suppression;;PLF2018 sous-parties III et IV, suppressions
2018;400113;;suppression;;PLF2018 sous-parties III et IV, suppressions
2018;400202;;suppression;;PLF2018 sous-parties III et IV, suppressions
2018;400203;;suppression;;PLF2018 sous-parties III et IV, suppressions
2018;110222;;suppression;;PLF2018 sous-parties III et IV, suppressions
2018;060107;;suppression;;PLF2018 sous-parties III et IV, suppressions
2018;200214;;suppression;;PLF2018 sous-parties III et IV, suppressions
2018;200216;;suppression;;PLF2018 sous-parties III et IV, suppressions
2018;520125;;suppression;;PLF2018 sous-parties III et IV, suppressions
2018;100114;;suppression;;PLF2018 sous-parties III et IV, suppressions
2018;110214;;suppression;;PLF2018 sous-parties III et IV, suppressions
2018;110234;;suppression;;PLF2018 sous-parties III et IV, suppressions
2018;130203;;suppression;;PLF2018 sous-parties III et IV, suppressions
2018;130215;;suppression;;PLF2018 sous-parties III et IV, suppressions
2018;210102;;suppression;;PLF2018 sous-parties III et IV, suppressions
2018;400101;;suppression;;PLF2018 sous-parties III et IV, suppressions
2018;400109;;suppression;;PLF2018 sous-parties III et IV, suppressions
2018;090105;;suppression;;PLF2018 sous-parties III et IV, suppressions
2018;090106;;suppression;;PLF2018 sous-parties III et IV, suppressions
2018;090107;;suppression;;PLF2018 sous-parties III et IV, suppressions
2018;090108;;suppression;;PLF2018 sous-parties III et IV, suppressions
2018;090109;;suppression;;PLF2018 sous-parties III et IV, suppressions
2018;090110;;suppression;;PLF2018 sous-parties III et IV, suppressions
2018;090201;;suppression;;PLF2018 sous-parties III et IV, suppressions
2019;;060105;classement;;PLF2019 sous-partie III, classements
2019;;170308;classement;;PLF2019 sous-partie III, classements
2019;;710105;classement;;PLF2019 sous-partie III, classements
2019;;710106;classement;;PLF2019 sous-partie III, classements
2019;;710107;classement;;PLF2019 sous-partie III, classements
2019;;730225;classement;;PLF2019 sous-partie III, classements
2019;;990101;classement;;PLF2019 sous-partie III, classements
2019;;150209;creation;;PLF2019 sous-parties III et IV, créations
2019;;230608;creation;;PLF2019 sous-parties III et IV, créations
2019;;440104;creation;;PLF2019 sous-parties III et IV, créations
2019;;520128;creation;;PLF2019 sous-parties III et IV, créations
2019;;540102;creation;;PLF2019 sous-parties III et IV, créations
2019;;550105;creation;;PLF2019 sous-parties III et IV, créations
2019;;800215;creation;;PLF2019 sous-parties III et IV, créations
2019;;800216;creation;;PLF2019 sous-parties III et IV, créations
2019;;800217;creation;;PLF2019 sous-parties III et IV, créations
2019;;800119;creation;;PLF2019 sous-parties III et IV, créations
2019;;040111;creation;;PLF2019 sous-parties III et IV, créations
2019;;050111;creation;;PLF2019 sous-parties III et IV, créations
2019;;090111;creation;;PLF2019 sous-parties III et IV, créations
2019;;090112;creation;;PLF2019 sous-parties III et IV, créations
2019;;110201;creation;;PLF2019 sous-parties III et IV, créations
2019;;110210;creation;;PLF2019 sous-parties III et IV, créations
2019;;110216;creation;;PLF2019 sous-parties III et IV, créations
2019;;110226;creation;;PLF2019 sous-parties III et IV, créations
2019;;110236;creation;;PLF2019 sous-parties III et IV, créations
2019;;110244;creation;;PLF2019 sous-parties III et IV, créations
2019;;110250;creation;;PLF2019 sous-parties III et IV, créations
2019;;110261;creation;;PLF2019 sous-parties III et IV, créations
2019;;110262;creation;;PLF2019 sous-parties III et IV, créations
2019;;150118;creation;;PLF2019 sous-parties III et IV, créations
2019;;210205;creation;;PLF2019 sous-parties III et IV, créations
2019;;210313;creation;;PLF2019 sous-parties III et IV, créations
2019;;210316;creation;;PLF2019 sous-parties III et IV, créations
2019;;220104;creation;;PLF2019 sous-parties III et IV, créations
2019;;170106;creation;;PLF2019 sous-parties III et IV, créations
2019;;730226;creation;;PLF2019 sous-parties III et IV, créations
2019;;800218;creation;;PLF2019 sous-parties III et IV, créations
2019;;800406;creation;;PLF2019 sous-parties III et IV, créations
2019;;110222;creation;;PLF2019 sous-parties III et IV, créations
2019;;110224;creation;;PLF2019 sous-parties III et IV, créations
2019;;210321;creation;;PLF2019 sous-parties III et IV, créations
2019;;210322;creation;;PLF2019 sous-parties III et IV, créations
2019;;210325;creation;;PLF2019 sous-parties III et IV, créations
2019;;320113;creation;;PLF2019 sous-parties III et IV, créations
2019;;320134;creation;;PLF2019 sous-parties III et IV, créations
2019;;320136;creation;;PLF2019 sous-parties III et IV, créations
2019;;330104;creation;;PLF2019 sous-parties III et IV, créations
2019;;040108;creation;;PLF2019 sous-parties III et IV, créations
2019;;050109;creation;;PLF2019 sous-parties III et IV, créations
2019;;060108;creation;;PLF2019 sous-parties III et IV, créations
2019;;090108;creation;;PLF2019 sous-parties III et IV, créations
2019;;210324;creation;;PLF2019 sous-parties III et IV, créations
2019;;200302;creation;;PLF2019 sous-parties III et IV, créations
2019;;110246;creation;;PLF2019 sous-parties III et IV, créations
2019;;120401;creation;;PLF2019 sous-parties III et IV, créations
2019;;730213;creation;;PLF2019 sous-parties III et IV, créations
2019;;730221;creation;;PLF2019 sous-parties III et IV, créations
2019;;730303;creation;;PLF2019 sous-parties III et IV, créations
2019;;730210;creation;;PLF2019 sous-parties III et IV, créations
2019;;710103;creation;;PLF2019 sous-parties III et IV, créations
2019;;120202;creation;;PLF2019 sous-parties III et IV, créations
2019;;440101;creation;;PLF2019 sous-parties III et IV, créations
2019;;440102;creation;;PLF2019 sous-parties III et IV, créations
2019;;440103;creation;;PLF2019 sous-parties III et IV, créations
2019;120137;;suppression;;PLF2019 sous-parties III et IV, suppressions
2019;170103;;suppression;;PLF2019 sous-parties III et IV, suppressions
2019;170105;;suppression;;PLF2019 sous-parties III et IV, suppressions
2019;230408;;suppression;;PLF2019 sous-parties III et IV, suppressions
2019;230504;;suppression;;PLF2019 sous-parties III et IV, suppressions
2019;710104;;suppression;;PLF2019 sous-parties III et IV, suppressions
2019;800201;;suppression;;PLF2019 sous-parties III et IV, suppressions
2019;800203;;suppression;;PLF2019 sous-parties III et IV, suppressions
2019;800405;;suppression;;PLF2019 sous-parties III et IV, suppressions
2019;110256;;suppression;;PLF2019 sous-parties III et IV, suppressions
2019;110302;;suppression;;PLF2019 sous-parties III et IV, suppressions
2019;170201;;suppression;;PLF2019 sous-parties III et IV, suppressions
2019;220102;;suppression;;PLF2019 sous-parties III et IV, suppressions
2019;220104;;suppression;;PLF2019 sous-parties III et IV, suppressions
2019;320113;;suppression;;PLF2019 sous-parties III et IV, suppressions
2019;320138;;suppression;;PLF2019 sous-parties III et IV, suppressions
2019;720107;;suppression;;PLF2019 sous-parties III et IV, suppressions
2019;730307;;suppression;;PLF2019 sous-parties III et IV, suppressions
2019;040101;;suppression;;PLF2019 sous-parties III et IV, suppressions
2019;090101;;suppression;;PLF2019 sous-parties III et IV, suppressions
2019;160206;;suppression;;PLF2019 sous-parties III et IV, suppressions
2019;210312;;suppression;;PLF2019 sous-parties III et IV, suppressions
2019;230202;;suppression;;PLF2019 sous-parties III et IV, suppressions
2019;110222;;suppression;;PLF2019 sous-parties III et IV, suppressions
2019;120124;;suppression;;PLF2019 sous-parties III et IV, suppressions
2019;730204;;suppression;;PLF2019 sous-parties III et IV, suppressions
2019;730210;;suppression;;PLF2019 sous-parties III et IV, suppressions
2019;110250;;suppression;;PLF2019 sous-parties III et IV, suppressions
2019;110263;;suppression;;PLF2019 sous-parties III et IV, suppressions
2019;150118;;suppression;;PLF2019 sous-parties III et IV, suppressions
2019;210324;;suppression;;PLF2019 sous-parties III et IV, suppressions
2019;400101;;suppression;;PLF2019 sous-parties III et IV, suppressions
2019;400107;;suppression;;PLF2019 sous-parties III et IV, suppressions
2019;400108;;suppression;;PLF2019 sous-parties III et IV, suppressions
2019;400109;;suppression;;PLF2019 sous-parties III et IV, suppressions
2019;400110;;suppression;;PLF2019 sous-parties III et IV, suppressions
2019;400111;;suppression;;PLF2019 sous-parties III et IV, suppressions
2019;400112;;suppression;;PLF2019 sous-parties III et IV, suppressions
2019;400113;;suppression;;PLF2019 sous-parties III et IV, suppressions
2019;400202;;suppression;;PLF2019 sous-parties III et IV, suppressions
2019;400203;;suppression;;PLF2019 sous-parties III et IV, suppressions
2019;090105;;suppression;;PLF2019 sous-parties III et IV, suppressions
2019;090106;;suppression;;PLF2019 sous-parties III et IV, suppressions
2019;090107;;suppression;;PLF2019 sous-parties III et IV, suppressions
2019;090108;;suppression;;PLF2019 sous-parties III et IV, suppressions
2019;090109;;suppression;;PLF2019 sous-parties III et IV, suppressions
2019;090110;;suppression;;PLF2019 sous-parties III et IV, suppressions
2019;090111;;suppression;;PLF2019 sous-parties III et IV, suppressions
2019;090112;;suppression;;PLF2019 sous-parties III et IV, suppressions
2019;090201;;suppression;;PLF2019 sous-parties III et IV, suppressions
2021;200404;230105;renumerotation;;PLF2021 sous-partie III, reclassement par renumérotation
2021;200405;230106;renumerotation;;PLF2021 sous-partie III, reclassement par renumérotation
2021;730225;710109;renumerotation;;PLF2021 sous-partie III, reclassement par renumérotation
2021;730307;710110;renumerotation;prêts locatifs sociaux, soit au crédit d’impôt sur les sociétés en faveur de l’investissement dans les logements;PLF2021 sous-partie III, reclassement par renumérotation
2021;700102;720207;renumerotation;;PLF2021 sous-partie III, reclassement par renumérotation
2021;800103;800220;renumerotation;Tarif réduit (remboursement) pour les carburants utilisés par les taxis;PLF2021 sous-partie III, reclassement par renumérotation
2021;800403;800221;renumerotation;;PLF2021 sous-partie III, reclassement par renumérotation
2021;800404;800222;renumerotation;;PLF2021 sous-partie III, reclassement par renumérotation
2021;800405;800229;renumerotation;;PLF2021 sous-partie III, reclassement par renumérotation
2021;800302;800228;renumerotation;Tarif réduit pour l’essence E5 (essences SP98 et SP95) commercialisée en Corse;PLF2021 sous-partie III, reclassement par renumérotation
2021;800219;830203;renumerotation;pommes de terres, les champignons et les truffes, par les entreprises pour lesquelles cette consommation est;PLF2021 sous-partie III, reclassement par renumérotation
2021;800114;840101;renumerotation;;PLF2021 sous-partie III, reclassement par renumérotation
2021;800118;800118;eclatement;;PLF2021 sous-partie III, revue des TIC (p. 34-35)
2021;800118;830101;eclatement;;PLF2021 sous-partie III, revue des TIC (p. 34-35)
2021;800210;800210;eclatement;;PLF2021 sous-partie III, revue des TIC (p. 34-35)
2021;800210;830201;eclatement;;PLF2021 sous-partie III, revue des TIC (p. 34-35)
2021;800210;840201;eclatement;;PLF2021 sous-partie III, revue des TIC (p. 34-35)
2021;800211;800211;eclatement;;PLF2021 sous-partie III, revue des TIC (p. 34-35)
2021;800211;830202;eclatement;;PLF2021 sous-partie III, revue des TIC (p. 34-35)
2021;800211;840202;eclatement;;PLF2021 sous-partie III, revue des TIC (p. 34-35)
2021;800229;800229;eclatement;;PLF2021 sous-partie III, revue des TIC (p. 34-35)
2021;800229;830204;eclatement;;PLF2021 sous-partie III, revue des TIC (p. 34-35)
2021;;040113;creation;;PLF2021 sous-parties III et IV, créations
2021;;050113;creation;;PLF2021 sous-parties III et IV, créations
2021;;090114;creation;;PLF2021 sous-parties III et IV, créations
2021;;110266;creation;;PLF2021 sous-parties III et IV, créations
2021;;110267;creation;;PLF2021 sous-parties III et IV, créations
2021;;160207;creation;;PLF2021 sous-parties III et IV, créations
2021;;210327;creation;;PLF2021 sous-parties III et IV, créations
2021;;230104;creation;;PLF2021 sous-parties III et IV, créations
2021;;320144;creation;;PLF2021 sous-parties III et IV, créations
2021;;520129;creation;;PLF2021 sous-parties III et IV, créations
2021;;710108;creation;;PLF2021 sous-parties III et IV, créations
2021;;800224;creation;;PLF2021 sous-parties III et IV, créations
2021;;800225;creation;;PLF2021 sous-parties III et IV, créations
2021;;800226;creation;;PLF2021 sous-parties III et IV, créations
2021;;800227;creation;;PLF2021 sous-parties III et IV, créations
2021;;820207;creation;;PLF2021 sous-parties III et IV, créations
2021;;820208;creation;;PLF2021 sous-parties III et IV, créations
2021;;970102;creation;;PLF2021 sous-parties III et IV, créations
2021;;970103;creation;;PLF2021 sous-parties III et IV, créations
2021;;970104;creation;;PLF2021 sous-parties III et IV, créations
2021;;040101;creation;;PLF2021 sous-parties III et IV, créations
2021;;050102;creation;;PLF2021 sous-parties III et IV, créations
2021;;070101;creation;;PLF2021 sous-parties III et IV, créations
2021;;090101;creation;;PLF2021 sous-parties III et IV, créations
2021;;110103;creation;;PLF2021 sous-parties III et IV, créations
2021;;230105;creation;;PLF2021 sous-parties III et IV, créations
2021;;230106;creation;;PLF2021 sous-parties III et IV, créations
2021;;110210;creation;;PLF2021 sous-parties III et IV, créations
2021;;110222;creation;;PLF2021 sous-parties III et IV, créations
2021;;110226;creation;;PLF2021 sous-parties III et IV, créations
2021;;110236;creation;;PLF2021 sous-parties III et IV, créations
2021;;110244;creation;;PLF2021 sous-parties III et IV, créations
2021;;110262;creation;;PLF2021 sous-parties III et IV, créations
2021;;150406;creation;;PLF2021 sous-parties III et IV, créations
2021;;160103;creation;;PLF2021 sous-parties III et IV, créations
2021;;210305;creation;;PLF2021 sous-parties III et IV, créations
2021;;210316;creation;;PLF2021 sous-parties III et IV, créations
2021;;110268;creation;;PLF2021 sous-parties III et IV, créations
2021;;200310;creation;;PLF2021 sous-parties III et IV, créations
2021;;150705;creation;;PLF2021 sous-parties III et IV, créations
2021;;150706;creation;;PLF2021 sous-parties III et IV, créations
2021;;150707;creation;;PLF2021 sous-parties III et IV, créations
2021;;150708;creation;;PLF2021 sous-parties III et IV, créations
2021;180102;;suppression;;PLF2021 sous-parties III et IV, suppressions
2021;200310;;suppression;;PLF2021 sous-parties III et IV, suppressions
2021;210203;;suppression;;PLF2021 sous-parties III et IV, suppressions
2021;210315;;suppression;;PLF2021 sous-parties III et IV, suppressions
2021;300204;;suppression;;PLF2021 sous-parties III et IV, suppressions
2021;530211;;suppression;;PLF2021 sous-parties III et IV, suppressions
2021;110245;;suppression;;PLF2021 sous-parties III et IV, suppressions
2021;110260;;suppression;;PLF2021 sous-parties III et IV, suppressions
2021;110261;;suppression;;PLF2021 sous-parties III et IV, suppressions
2021;140119;;suppression;;PLF2021 sous-parties III et IV, suppressions
2021;200302;;suppression;;PLF2021 sous-parties III et IV, suppressions
2021;210309;;suppression;;PLF2021 sous-parties III et IV, suppressions
2021;300201;;suppression;;PLF2021 sous-parties III et IV, suppressions
2021;520104;;suppression;;PLF2021 sous-parties III et IV, suppressions
2021;730222;;suppression;;PLF2021 sous-parties III et IV, suppressions
2021;730305;;suppression;;PLF2021 sous-parties III et IV, suppressions
2021;190211;;suppression;;PLF2021 sous-parties III et IV, suppressions
2021;800111;;suppression;;PLF2021 sous-parties III et IV, suppressions
2021;800212;;suppression;;PLF2021 sous-parties III et IV, suppressions
2022;;990202;classement;;PLF2022 sous-partie III, classements
2022;;990301;classement;;PLF2022 sous-partie III, classements
2022;;150210;creation;;PLF2022 sous-parties III et IV, créations
2022;;210328;creation;;PLF2022 sous-parties III et IV, créations
2022;;210329;creation;;PLF2022 sous-parties III et IV, créations
2022;;210330;creation;;PLF2022 sous-parties III et IV, créations
2022;;210331;creation;;PLF2022 sous-parties III et IV, créations
2022;;220106;creation;;PLF2022 sous-parties III et IV, créations
2022;;260201;creation;;PLF2022 sous-parties III et IV, créations
2022;;320131;creation;;PLF2022 sous-parties III et IV, créations
2022;;320145;creation;;PLF2022 sous-parties III et IV, créations
2022;;320146;creation;;PLF2022 sous-parties III et IV, créations
2022;;930101;creation;;PLF2022 sous-parties III et IV, créations
2022;;930102;creation;;PLF2022 sous-parties III et IV, créations
2022;;930103;creation;;PLF2022 sous-parties III et IV, créations
2022;;940101;creation;;PLF2022 sous-parties III et IV, créations
2022;;940102;creation;;PLF2022 sous-parties III et IV, créations
2022;;940103;creation;;PLF2022 sous-parties III et IV, créations
2022;;940201;creation;;PLF2022 sous-parties III et IV, créations
2022;;940202;creation;;PLF2022 sous-parties III et IV, créations
2022;;940203;creation;;PLF2022 sous-parties III et IV, créations
2022;;970105;creation;;PLF2022 sous-parties III et IV, créations
2022;;090202;creation;;PLF2022 sous-parties III et IV, créations
2022;;110268;creation;;PLF2022 sous-parties III et IV, créations
2022;;220107;creation;;PLF2022 sous-parties III et IV, créations
2022;;260101;creation;;PLF2022 sous-parties III et IV, créations
2022;;970106;creation;;PLF2022 sous-parties III et IV, créations
2022;;050107;creation;;PLF2022 sous-parties III et IV, créations
2022;;090201;creation;;PLF2022 sous-parties III et IV, créations
2022;;110222;creation;;PLF2022 sous-parties III et IV, créations
2022;;110250;creation;;PLF2022 sous-parties III et IV, créations
2022;;110263;creation;;PLF2022 sous-parties III et IV, créations
2022;;140107;creation;;PLF2022 sous-parties III et IV, créations
2022;;140121;creation;;PLF2022 sous-parties III et IV, créations
2022;;210308;creation;;PLF2022 sous-parties III et IV, créations
2022;;210321;creation;;PLF2022 sous-parties III et IV, créations
2022;;230104;creation;;PLF2022 sous-parties III et IV, créations
2022;;150705;creation;;PLF2022 sous-parties III et IV, créations
2022;;150706;creation;;PLF2022 sous-parties III et IV, créations
2022;;150707;creation;;PLF2022 sous-parties III et IV, créations
2022;;150708;creation;;PLF2022 sous-parties III et IV, créations
2022;110257;;suppression;;PLF2022 sous-parties III et IV, suppressions
2022;140107;;suppression;;PLF2022 sous-parties III et IV, suppressions
2022;140127;;suppression;;PLF2022 sous-parties III et IV, suppressions
2022;220101;;suppression;;PLF2022 sous-parties III et IV, suppressions
2022;300111;;suppression;;PLF2022 sous-parties III et IV, suppressions
2022;300303;;suppression;;PLF2022 sous-parties III et IV, suppressions
2022;110246;;suppression;;PLF2022 sous-parties III et IV, suppressions
2023;;310206;classement;;PLF2023 sous-partie III, classements
2023;;110269;creation;;PLF2023 sous-parties III et IV, créations
2023;;200311;creation;;PLF2023 sous-parties III et IV, créations
2023;;210332;creation;;PLF2023 sous-parties III et IV, créations
2023;;320147;creation;;PLF2023 sous-parties III et IV, créations
2023;;320148;creation;;PLF2023 sous-parties III et IV, créations
2023;;820209;creation;;PLF2023 sous-parties III et IV, créations
2023;;040101;creation;;PLF2023 sous-parties III et IV, créations
2023;;040109;creation;;PLF2023 sous-parties III et IV, créations
2023;;040111;creation;;PLF2023 sous-parties III et IV, créations
2023;;040112;creation;;PLF2023 sous-parties III et IV, créations
2023;;050106;creation;;PLF2023 sous-parties III et IV, créations
2023;;050110;creation;;PLF2023 sous-parties III et IV, créations
2023;;090101;creation;;PLF2023 sous-parties III et IV, créations
2023;;090109;creation;;PLF2023 sous-parties III et IV, créations
2023;;090110;creation;;PLF2023 sous-parties III et IV, créations
2023;;090111;creation;;PLF2023 sous-parties III et IV, créations
2023;;090113;creation;;PLF2023 sous-parties III et IV, créations
2023;;110201;creation;;PLF2023 sous-parties III et IV, créations
2023;;110224;creation;;PLF2023 sous-parties III et IV, créations
2023;;110240;creation;;PLF2023 sous-parties III et IV, créations
2023;;110250;creation;;PLF2023 sous-parties III et IV, créations
2023;;110256;creation;;PLF2023 sous-parties III et IV, créations
2023;;110263;creation;;PLF2023 sous-parties III et IV, créations
2023;;110265;creation;;PLF2023 sous-parties III et IV, créations
2023;;110267;creation;;PLF2023 sous-parties III et IV, créations
2023;;120111;creation;;PLF2023 sous-parties III et IV, créations
2023;;070204;creation;;PLF2023 sous-parties III et IV, créations
2023;;110226;creation;;PLF2023 sous-parties III et IV, créations
2023;;110262;creation;;PLF2023 sous-parties III et IV, créations
2023;;130218;creation;;PLF2023 sous-parties III et IV, créations
2023;;150118;creation;;PLF2023 sous-parties III et IV, créations
2023;;150119;creation;;PLF2023 sous-parties III et IV, créations
2023;;150209;creation;;PLF2023 sous-parties III et IV, créations
2023;;150406;creation;;PLF2023 sous-parties III et IV, créations
2023;;170106;creation;;PLF2023 sous-parties III et IV, créations
2023;;200403;creation;;PLF2023 sous-parties III et IV, créations
2023;;210203;creation;;PLF2023 sous-parties III et IV, créations
2023;;210315;creation;;PLF2023 sous-parties III et IV, créations
2023;;150705;creation;;PLF2023 sous-parties III et IV, créations
2023;;150706;creation;;PLF2023 sous-parties III et IV, créations
2023;;150707;creation;;PLF2023 sous-parties III et IV, créations
2023;;150713;creation;;PLF2023 sous-parties III et IV, créations
2023;;300209;creation;;PLF2023 sous-parties III et IV, créations
2023;;300210;creation;;PLF2023 sous-parties III et IV, créations
2023;;580103;creation;;PLF2023 sous-parties III et IV, créations
2023;;110215;creation;;PLF2023 sous-parties III et IV, créations
2023;;110211;creation;;PLF2023 sous-parties III et IV, créations
2023;;710109;creation;;PLF2023 sous-parties III et IV, créations
2023;;110308;creation;;PLF2023 sous-parties III et IV, créations
2023;;520127;creation;;PLF2023 sous-parties III et IV, créations
2023;;740102;creation;;PLF2023 sous-parties III et IV, créations
2023;;950103;creation;;PLF2023 sous-parties III et IV, créations
2023;;040110;creation;;PLF2023 sous-parties III et IV, créations
2023;;230403;creation;;PLF2023 sous-parties III et IV, créations
2023;;320131;creation;;PLF2023 sous-parties III et IV, créations
2023;;730233;creation;;PLF2023 sous-parties III et IV, créations
2023;;730305;creation;;PLF2023 sous-parties III et IV, créations
2023;140121;;suppression;;PLF2023 sous-parties III et IV, suppressions
2023;950101;;suppression;;PLF2023 sous-parties III et IV, suppressions
2023;950102;;suppression;;PLF2023 sous-parties III et IV, suppressions
2023;950103;;suppression;;PLF2023 sous-parties III et IV, suppressions
2023;040101;;suppression;;PLF2023 sous-parties III et IV, suppressions
2023;040107;;suppression;;PLF2023 sous-parties III et IV, suppressions
2023;040108;;suppression;;PLF2023 sous-parties III et IV, suppressions
2023;040109;;suppression;;PLF2023 sous-parties III et IV, suppressions
2023;040110;;suppression;;PLF2023 sous-parties III et IV, suppressions
2023;040111;;suppression;;PLF2023 sous-parties III et IV, suppressions
2023;040112;;suppression;;PLF2023 sous-parties III et IV, suppressions
2023;040113;;suppression;;PLF2023 sous-parties III et IV, suppressions
2023;050102;;suppression;;PLF2023 sous-parties III et IV, suppressions
2023;110246;;suppression;;PLF2023 sous-parties III et IV, suppressions
2023;110261;;suppression;;PLF2023 sous-parties III et IV, suppressions
2023;130218;;suppression;;PLF2023 sous-parties III et IV, suppressions
2023;210332;;suppression;;PLF2023 sous-parties III et IV, suppressions
2023;320146;;suppression;;PLF2023 sous-parties III et IV, suppressions
2023;520110;;suppression;;PLF2023 sous-parties III et IV, suppressions
2023;730222;;suppression;;PLF2023 sous-parties III et IV, suppressions
2023;820206;;suppression;;PLF2023 sous-parties III et IV, suppressions
2023;210331;;suppression;;PLF2023 sous-parties III et IV, suppressions
2023;820201;;suppression;;PLF2023 sous-parties III et IV, suppressions
2023;820202;;suppression;;PLF2023 sous-parties III et IV, suppressions
2024;;530218;classement;;PLF2024 sous-partie III, classements
2024;;550106;classement;;PLF2024 sous-partie III, classements
2024;;590101;creation;;PLF2024 sous-parties III et IV, créations
2024;;130304;creation;;PLF2024 sous-parties III et IV, créations
2024;;940104;creation;;PLF2024 sous-parties III et IV, créations
2024;;970107;creation;;PLF2024 sous-parties III et IV, créations
2024;;730234;creation;;PLF2024 sous-parties III et IV, créations
2024;;210333;creation;;PLF2024 sous-parties III et IV, créations
2024;;120111;creation;;PLF2024 sous-parties III et IV, créations
2024;;230410;creation;;PLF2024 sous-parties III et IV, créations
2024;;150118;creation;;PLF2024 sous-parties III et IV, créations
2024;;150119;creation;;PLF2024 sous-parties III et IV, créations
2024;;150406;creation;;PLF2024 sous-parties III et IV, créations
2024;;110103;creation;;PLF2024 sous-parties III et IV, créations
2024;;120126;creation;;PLF2024 sous-parties III et IV, créations
2024;;110262;creation;;PLF2024 sous-parties III et IV, créations
2024;;110201;creation;;PLF2024 sous-parties III et IV, créations
2024;;110210;creation;;PLF2024 sous-parties III et IV, créations
2024;;110224;creation;;PLF2024 sous-parties III et IV, créations
2024;;110256;creation;;PLF2024 sous-parties III et IV, créations
2024;;210325;creation;;PLF2024 sous-parties III et IV, créations
2024;;320113;creation;;PLF2024 sous-parties III et IV, créations
2024;;320136;creation;;PLF2024 sous-parties III et IV, créations
2024;;060202;creation;;PLF2024 sous-parties III et IV, créations
2024;;110236;creation;;PLF2024 sous-parties III et IV, créations
2024;;110244;creation;;PLF2024 sous-parties III et IV, créations
2024;;110265;creation;;PLF2024 sous-parties III et IV, créations
2024;;210318;creation;;PLF2024 sous-parties III et IV, créations
2024;;210327;creation;;PLF2024 sous-parties III et IV, créations
2024;;210329;creation;;PLF2024 sous-parties III et IV, créations
2024;;210330;creation;;PLF2024 sous-parties III et IV, créations
2024;;230403;creation;;PLF2024 sous-parties III et IV, créations
2024;;300201;creation;;PLF2024 sous-parties III et IV, créations
2024;;300204;creation;;PLF2024 sous-parties III et IV, créations
2024;;320141;creation;;PLF2024 sous-parties III et IV, créations
2024;;800209;creation;;PLF2024 sous-parties III et IV, créations
2024;;110226;creation;;PLF2024 sous-parties III et IV, créations
2024;;040101;creation;;PLF2024 sous-parties III et IV, créations
2024;;040107;creation;;PLF2024 sous-parties III et IV, créations
2024;;040108;creation;;PLF2024 sous-parties III et IV, créations
2024;;040109;creation;;PLF2024 sous-parties III et IV, créations
2024;;040110;creation;;PLF2024 sous-parties III et IV, créations
2024;;040111;creation;;PLF2024 sous-parties III et IV, créations
2024;;730222;creation;;PLF2024 sous-parties III et IV, créations
2024;;150705;creation;;PLF2024 sous-parties III et IV, créations
2024;;150706;creation;;PLF2024 sous-parties III et IV, créations
2024;;150707;creation;;PLF2024 sous-parties III et IV, créations
2024;;150713;creation;;PLF2024 sous-parties III et IV, créations
2024;;300209;creation;;PLF2024 sous-parties III et IV, créations
2024;;300210;creation;;PLF2024 sous-parties III et IV, créations
2024;;530213;creation;;PLF2024 sous-parties III et IV, créations
2024;;530214;creation;;PLF2024 sous-parties III et IV, créations
2024;;530218;creation;;PLF2024 sous-parties III et IV, créations
2024;;550106;creation;;PLF2024 sous-parties III et IV, créations
2024;;580103;creation;;PLF2024 sous-parties III et IV, créations
2024;;110215;creation;;PLF2024 sous-parties III et IV, créations
2024;;110211;creation;;PLF2024 sous-parties III et IV, créations
2024;;710109;creation;;PLF2024 sous-parties III et IV, créations
2024;;070204;creation;;PLF2024 sous-parties III et IV, créations
2024;;110308;creation;;PLF2024 sous-parties III et IV, créations
2024;;520127;creation;;PLF2024 sous-parties III et IV, créations
2024;;740102;creation;;PLF2024 sous-parties III et IV, créations
2024;;090110;creation;;PLF2024 sous-parties III et IV, créations
2024;;110263;creation;;PLF2024 sous-parties III et IV, créations
2024;;110267;creation;;PLF2024 sous-parties III et IV, créations
2024;540102;;declassement;;PLF2024 sous-partie III, déclassements
2024;570101;;declassement;;PLF2024 sous-partie III, déclassements
2024;570102;;declassement;;PLF2024 sous-partie III, déclassements
2024;110226;;suppression;;PLF2024 sous-parties III et IV, suppressions
2024;110267;;suppression;;PLF2024 sous-parties III et IV, suppressions
2024;090201;;suppression;;PLF2024 sous-parties III et IV, suppressions
2024;800119;;suppression;;PLF2024 sous-parties III et IV, suppressions
2024;840101;;suppression;;PLF2024 sous-parties III et IV, suppressions
2024;090202;;suppression;;PLF2024 sous-parties III et IV, suppressions
2024;110238;;suppression;;PLF2024 sous-parties III et IV, suppressions
2024;110250;;suppression;;PLF2024 sous-parties III et IV, suppressions
2024;110251;;suppression;;PLF2024 sous-parties III et IV, suppressions
2024;110252;;suppression;;PLF2024 sous-parties III et IV, suppressions
2024;110258;;suppression;;PLF2024 sous-parties III et IV, suppressions
2024;110259;;suppression;;PLF2024 sous-parties III et IV, suppressions
2024;110264;;suppression;;PLF2024 sous-parties III et IV, suppressions
2024;130203;;suppression;;PLF2024 sous-parties III et IV, suppressions
2024;130204;;suppression;;PLF2024 sous-parties III et IV, suppressions
2024;130208;;suppression;;PLF2024 sous-parties III et IV, suppressions
2024;130209;;suppression;;PLF2024 sous-parties III et IV, suppressions
2024;130211;;suppression;;PLF2024 sous-parties III et IV, suppressions
2024;130214;;suppression;;PLF2024 sous-parties III et IV, suppressions
2024;130215;;suppression;;PLF2024 sous-parties III et IV, suppressions
2024;130218;;suppression;;PLF2024 sous-parties III et IV, suppressions
2024;220106;;suppression;;PLF2024 sous-parties III et IV, suppressions
2024;220107;;suppression;;PLF2024 sous-parties III et IV, suppressions
2025;;900101;classement;;PLF2025 sous-partie III, classements
2025;;800120;creation;;PLF2025 sous-parties III et IV, créations
2025;;140127;creation;;PLF2025 sous-parties III et IV, créations
2025;;150714;creation;;PLF2025 sous-parties III et IV, créations
2025;;120147;creation;;PLF2025 sous-parties III et IV, créations
2025;;520130;creation;;PLF2025 sous-parties III et IV, créations
2025;;180310;creation;;PLF2025 sous-parties III et IV, créations
2025;;110270;creation;;PLF2025 sous-parties III et IV, créations
2025;;110271;creation;;PLF2025 sous-parties III et IV, créations
2025;;170107;creation;;PLF2025 sous-parties III et IV, créations
2025;;210334;creation;;PLF2025 sous-parties III et IV, créations
2025;;220109;creation;;PLF2025 sous-parties III et IV, créations
2025;;220108;creation;;PLF2025 sous-parties III et IV, créations
2025;;730235;creation;;PLF2025 sous-parties III et IV, créations
2025;;940204;creation;;PLF2025 sous-parties III et IV, créations
2025;;070205;creation;;PLF2025 sous-parties III et IV, créations
2025;;170108;creation;;PLF2025 sous-parties III et IV, créations
2025;;120108;creation;;PLF2025 sous-parties III et IV, créations
2025;;230410;creation;;PLF2025 sous-parties III et IV, créations
2025;;120113;creation;;PLF2025 sous-parties III et IV, créations
2025;;150118;creation;;PLF2025 sous-parties III et IV, créations
2025;;150119;creation;;PLF2025 sous-parties III et IV, créations
2025;;150120;creation;;PLF2025 sous-parties III et IV, créations
2025;;110205;creation;;PLF2025 sous-parties III et IV, créations
2025;;110244;creation;;PLF2025 sous-parties III et IV, créations
2025;;110249;creation;;PLF2025 sous-parties III et IV, créations
2025;;040101;creation;;PLF2025 sous-parties III et IV, créations
2025;;040109;creation;;PLF2025 sous-parties III et IV, créations
2025;;040113;creation;;PLF2025 sous-parties III et IV, créations
2025;;050110;creation;;PLF2025 sous-parties III et IV, créations
2025;;050113;creation;;PLF2025 sous-parties III et IV, créations
2025;;090101;creation;;PLF2025 sous-parties III et IV, créations
2025;;090109;creation;;PLF2025 sous-parties III et IV, créations
2025;;090114;creation;;PLF2025 sous-parties III et IV, créations
2025;;110240;creation;;PLF2025 sous-parties III et IV, créations
2025;;110261;creation;;PLF2025 sous-parties III et IV, créations
2025;;800229;creation;;PLF2025 sous-parties III et IV, créations
2025;;820201;creation;;PLF2025 sous-parties III et IV, créations
2025;;820202;creation;;PLF2025 sous-parties III et IV, créations
2025;;820203;creation;;PLF2025 sous-parties III et IV, créations
2025;;820204;creation;;PLF2025 sous-parties III et IV, créations
2025;;820205;creation;;PLF2025 sous-parties III et IV, créations
2025;;820206;creation;;PLF2025 sous-parties III et IV, créations
2025;;820207;creation;;PLF2025 sous-parties III et IV, créations
2025;;820208;creation;;PLF2025 sous-parties III et IV, créations
2025;;820209;creation;;PLF2025 sous-parties III et IV, créations
2025;;970102;creation;;PLF2025 sous-parties III et IV, créations
2025;;970103;creation;;PLF2025 sous-parties III et IV, créations
2025;;970104;creation;;PLF2025 sous-parties III et IV, créations
2025;;970105;creation;;PLF2025 sous-parties III et IV, créations
2025;;970107;creation;;PLF2025 sous-parties III et IV, créations
2025;;150705;creation;;PLF2025 sous-parties III et IV, créations
2025;;150706;creation;;PLF2025 sous-parties III et IV, créations
2025;;150707;creation;;PLF2025 sous-parties III et IV, créations
2025;;150713;creation;;PLF2025 sous-parties III et IV, créations
2025;;300209;creation;;PLF2025 sous-parties III et IV, créations
2025;;300210;creation;;PLF2025 sous-parties III et IV, créations
2025;;530213;creation;;PLF2025 sous-parties III et IV, créations
2025;;530214;creation;;PLF2025 sous-parties III et IV, créations
2025;;530218;creation;;PLF2025 sous-parties III et IV, créations
2025;;550106;creation;;PLF2025 sous-parties III et IV, créations
2025;;580103;creation;;PLF2025 sous-parties III et IV, créations
2025;;110215;creation;;PLF2025 sous-parties III et IV, créations
2025;;110211;creation;;PLF2025 sous-parties III et IV, créations
2025;;710109;creation;;PLF2025 sous-parties III et IV, créations
2025;;070204;creation;;PLF2025 sous-parties III et IV, créations
2025;;110308;creation;;PLF2025 sous-parties III et IV, créations
2025;;520127;creation;;PLF2025 sous-parties III et IV, créations
2025;;740102;creation;;PLF2025 sous-parties III et IV, créations
2025;;040110;creation;;PLF2025 sous-parties III et IV, créations
2025;;090110;creation;;PLF2025 sous-parties III et IV, créations
2025;;110263;creation;;PLF2025 sous-parties III et IV, créations
2025;920301;;declassement;;PLF2025 sous-partie III, déclassements
2025;230604;;suppression;;PLF2025 sous-parties III et IV, suppressions
2025;150708;;suppression;;PLF2025 sous-parties III et IV, suppressions
2025;520110;;suppression;;PLF2025 sous-parties III et IV, suppressions
2025;230103;;suppression;;PLF2025 sous-parties III et IV, suppressions
2025;320135;;suppression;;PLF2025 sous-parties III et IV, suppressions
2025;110224;;suppression;;PLF2025 sous-parties III et IV, suppressions
2025;210325;;suppression;;PLF2025 sous-parties III et IV, suppressions
2025;320113;;suppression;;PLF2025 sous-parties III et IV, suppressions
2025;320146;;suppression;;PLF2025 sous-parties III et IV, suppressions
2025;730205;;suppression;;PLF2025 sous-parties III et IV, suppressions
2025;830101;;suppression;;PLF2025 sous-parties III et IV, suppressions
2025;830201;;suppression;;PLF2025 sous-parties III et IV, suppressions
2025;830202;;suppression;;PLF2025 sous-parties III et IV, suppressions
2025;830203;;suppression;;PLF2025 sous-parties III et IV, suppressions
2025;840101;;suppression;;PLF2025 sous-parties III et IV, suppressions
2025;840201;;suppression;;PLF2025 sous-parties III et IV, suppressions
2026;;820210;classement;;PLF2026 sous-partie III, classements
2026;;740107;classement;;PLF2026 sous-partie III, classements
2026;;940205;creation;;PLF2026 sous-parties III et IV, créations
2026;;320149;creation;;PLF2026 sous-parties III et IV, créations
2026;;730236;creation;;PLF2026 sous-parties III et IV, créations
2026;;170108;creation;;PLF2026 sous-parties III et IV, créations
2026;;520129;creation;;PLF2026 sous-parties III et IV, créations
2026;;990203;creation;;PLF2026 sous-parties III et IV, créations
2026;;150211;creation;;PLF2026 sous-parties III et IV, créations
2026;;120510;creation;;PLF2026 sous-parties III et IV, créations
2026;;520112;creation;;PLF2026 sous-parties III et IV, créations
2026;;520116;creation;;PLF2026 sous-parties III et IV, créations
2026;;520126;creation;;PLF2026 sous-parties III et IV, créations
2026;;550104;creation;;PLF2026 sous-parties III et IV, créations
2026;;110201;creation;;PLF2026 sous-parties III et IV, créations
2026;;110218;creation;;PLF2026 sous-parties III et IV, créations
2026;;110270;creation;;PLF2026 sous-parties III et IV, créations
2026;;110216;creation;;PLF2026 sous-parties III et IV, créations
2026;;800228;creation;;PLF2026 sous-parties III et IV, créations
2026;;820201;creation;;PLF2026 sous-parties III et IV, créations
2026;;820203;creation;;PLF2026 sous-parties III et IV, créations
2026;;830101;creation;;PLF2026 sous-parties III et IV, créations
2026;;050110;creation;;PLF2026 sous-parties III et IV, créations
2026;;060105;creation;;PLF2026 sous-parties III et IV, créations
2026;;070201;creation;;PLF2026 sous-parties III et IV, créations
2026;;090109;creation;;PLF2026 sous-parties III et IV, créations
2026;;110228;creation;;PLF2026 sous-parties III et IV, créations
2026;;110250;creation;;PLF2026 sous-parties III et IV, créations
2026;;110251;creation;;PLF2026 sous-parties III et IV, créations
2026;;110252;creation;;PLF2026 sous-parties III et IV, créations
2026;060105;;suppression;;PLF2026 sous-parties III et IV, suppressions
2026;110215;;suppression;;PLF2026 sous-parties III et IV, suppressions
2026;110242;;suppression;;PLF2026 sous-parties III et IV, suppressions
2026;120104;;suppression;;PLF2026 sous-parties III et IV, suppressions
2026;120116;;suppression;;PLF2026 sous-parties III et IV, suppressions
2026;120129;;suppression;;PLF2026 sous-parties III et IV, suppressions
2026;120204;;suppression;;PLF2026 sous-parties III et IV, suppressions
2026;160201;;suppression;;PLF2026 sous-parties III et IV, suppressions
2026;160303;;suppression;;PLF2026 sous-parties III et IV, suppressions
2026;190212;;suppression;;PLF2026 sous-parties III et IV, suppressions
2026;800215;;suppression;;PLF2026 sous-parties III et IV, suppressions
2026;930102;;suppression;;PLF2026 sous-parties III et IV, suppressions
2026;120117;;suppression;;PLF2026 sous-parties III et IV, suppressions
2026;040101;;suppression;;PLF2026 sous-parties III et IV, suppressions
2026;040107;;suppression;;PLF2026 sous-parties III et IV, suppressions
2026;040108;;suppression;;PLF2026 sous-parties III et IV, suppressions
2026;040109;;suppression;;PLF2026 sous-parties III et IV, suppressions
2026;040110;;suppression;;PLF2026 sous-parties III et IV, suppressions
2026;040111;;suppression;;PLF2026 sous-parties III et IV, suppressions
2026;040112;;suppression;;PLF2026 sous-parties III et IV, suppressions
2026;100201;;suppression;;PLF2026 sous-parties III et IV, suppressions
2026;120401;;suppression;;PLF2026 sous-parties III et IV, suppressions
2026;800216;;suppression;;PLF2026 sous-parties III et IV, suppressions
