plf_effet;numero;sens;statut;justification
2010;050109;entree;explique;creation
2010;060108;entree;explique;creation
2010;080113;entree;explique;creation
2010;080208;entree;explique;creation
2010;090101;entree;explique;creation
2010;090102;entree;explique;creation
2010;090103;entree;explique;creation
2010;090104;entree;explique;creation
2010;090105;entree;explique;creation
2010;090106;entree;explique;creation
2010;090107;entree;explique;creation
2010;090108;entree;explique;creation
2010;090201;entree;explique;creation
2010;110249;entree;explique;creation
2010;110250;entree;explique;creation
2010;110251;entree;explique;creation
2010;110252;entree;explique;creation
2010;110253;entree;explique;creation
2010;110254;entree;explique;creation
2010;110255;entree;explique;creation
2010;110256;entree;explique;creation
2010;120140;entree;explique;creation
2010;120141;entree;explique;creation
2010;120142;entree;explique;classement
2010;120209;entree;explique;creation
2010;120210;entree;explique;creation
2010;120211;entree;explique;creation
2010;120308;entree;explique;classement
2010;130217;entree;explique;creation
2010;140126;entree;explique;classement
2010;150712;entree;explique;classement
2010;160206;entree;explique;creation
2010;180105;entree;explique;creation
2010;190210;entree;explique;classement
2010;210320;entree;explique;creation
2010;210321;entree;explique;creation
2010;210322;entree;explique;creation
2010;220103;entree;explique;creation
2010;320140;entree;explique;creation
2010;330106;entree;explique;creation
2010;730220;entree;explique;creation
2010;730221;entree;explique;creation
2010;730307;entree;explique;creation
2010;800209;entree;explique;classement
2010;810101;entree;explique;creation
2010;810201;entree;explique;creation
2010;920201;entree;explique;creation
2010;920202;entree;explique;creation
2010;920301;entree;explique;creation
2010;950103;entree;explique;creation
2010;970101;entree;explique;creation
2010;080112;sortie;inexplique;
2010;080205;sortie;explique;declassement
2010;100108;sortie;inexplique;
2010;140113;sortie;inexplique;
2010;200214;sortie;inexplique;
2010;210103;sortie;explique;suppression
2010;210108;sortie;explique;suppression
2010;210109;sortie;inexplique;
2010;230102;sortie;inexplique;
2010;300202;sortie;inexplique;
2010;310101;sortie;inexplique;
2010;310202;sortie;inexplique;
2010;320109;sortie;inexplique;
2010;590101;sortie;inexplique;
2011;040101;entree;explique;creation
2011;040102;entree;explique;creation
2011;040103;entree;explique;creation
2011;040105;entree;explique;creation
2011;040106;entree;explique;creation
2011;040107;entree;explique;creation
2011;040108;entree;explique;creation
2011;040109;entree;explique;creation
2011;070203;entree;explique;creation
2011;090109;entree;explique;creation
2011;100114;entree;explique;classement
2011;110257;entree;explique;creation
2011;110258;entree;explique;classement
2011;110259;entree;explique;classement
2011;120143;entree;explique;creation
2011;120144;entree;explique;creation
2011;140127;entree;explique;creation
2011;520122;entree;explique;creation
2011;100110;sortie;inexplique;
2011;100112;sortie;explique;declassement
2011;100113;sortie;inexplique;
2011;110225;sortie;inexplique;
2011;120139;sortie;explique;declassement
2011;120505;sortie;inexplique;
2011;130206;sortie;inexplique;
2011;140202;sortie;inexplique;
2011;190101;sortie;explique;declassement
2011;200215;sortie;explique;suppression
2011;250101;sortie;explique;declassement
2011;320127;sortie;inexplique;
2011;420105;sortie;inexplique;
2011;520202;sortie;inexplique;
2011;530204;sortie;inexplique;
2011;530205;sortie;inexplique;
2011;800112;sortie;inexplique;
2011;800113;sortie;inexplique;
2011;810101;sortie;explique;suppression
2011;810201;sortie;explique;suppression
2012;120139;entree;inexplique;
2012;220104;entree;explique;creation
2012;800117;entree;explique;creation
2012;820101;entree;explique;creation
2012;820102;entree;explique;creation
2012;820103;entree;explique;creation
2012;050105;sortie;inexplique;
2012;080101;sortie;inexplique;
2012;080201;sortie;inexplique;
2012;080202;sortie;inexplique;
2012;080203;sortie;inexplique;
2012;080204;sortie;inexplique;
2012;080206;sortie;inexplique;
2012;080207;sortie;inexplique;
2012;080208;sortie;inexplique;
2012;110235;sortie;inexplique;
2012;110237;sortie;inexplique;
2012;110254;sortie;inexplique;
2012;120144;sortie;explique;suppression
2012;120308;sortie;explique;declassement
2012;180104;sortie;inexplique;
2012;210314;sortie;inexplique;
2012;210317;sortie;inexplique;
2012;220301;sortie;inexplique;
2012;320133;sortie;inexplique;
2013;110260;entree;explique;creation
2013;150120;entree;explique;creation
2013;150121;entree;explique;creation
2013;150201;entree;explique;creation
2013;150406;entree;explique;creation
2013;210323;entree;explique;creation
2013;220105;entree;explique;renumerotation
2013;230510;entree;explique;creation
2013;230605;entree;explique;renumerotation
2013;320141;entree;explique;creation
2013;060101;sortie;inexplique;
2013;080102;sortie;inexplique;
2013;080103;sortie;inexplique;
2013;080106;sortie;inexplique;
2013;080107;sortie;inexplique;
2013;080108;sortie;inexplique;
2013;080109;sortie;inexplique;
2013;080110;sortie;inexplique;
2013;080111;sortie;inexplique;
2013;080113;sortie;inexplique;
2013;110230;sortie;inexplique;
2013;110232;sortie;inexplique;
2013;110253;sortie;inexplique;
2013;120115;sortie;inexplique;
2013;120210;sortie;inexplique;
2013;130216;sortie;inexplique;
2013;130301;sortie;explique;suppression
2013;160102;sortie;explique;declassement
2013;180308;sortie;inexplique;
2013;200308;sortie;explique;renumerotation
2013;220103;sortie;explique;renumerotation
2013;230411;sortie;inexplique;
2013;300112;sortie;inexplique;
2013;310203;sortie;inexplique;
2013;320106;sortie;inexplique;
2013;320120;sortie;inexplique;
2013;320130;sortie;inexplique;
2013;520117;sortie;inexplique;
2013;560103;sortie;inexplique;
2013;560104;sortie;inexplique;
2013;720101;sortie;inexplique;
2013;720102;sortie;inexplique;
2013;730209;sortie;inexplique;
2013;800104;sortie;inexplique;
2013;800402;sortie;inexplique;
2013;960101;sortie;inexplique;
2013;960102;sortie;inexplique;
2014;110261;entree;inexplique;
2014;150517;entree;explique;creation
2014;150518;entree;explique;creation
2014;170307;entree;explique;creation
2014;200214;entree;explique;creation
2014;200310;entree;inexplique;
2014;210324;entree;explique;creation
2014;520123;entree;explique;creation
2014;520402;entree;explique;creation
2014;980101;entree;inexplique;
2014;980102;entree;inexplique;
2014;980103;entree;inexplique;
2014;980104;entree;inexplique;
2014;980105;entree;inexplique;
2014;040109;sortie;inexplique;
2014;050103;sortie;inexplique;
2014;050104;sortie;inexplique;
2014;070202;sortie;inexplique;
2014;090109;sortie;inexplique;
2014;120135;sortie;inexplique;
2014;120211;sortie;inexplique;
2014;130212;sortie;inexplique;
2014;150514;sortie;inexplique;
2014;200205;sortie;inexplique;
2014;200212;sortie;inexplique;
2014;200304;sortie;inexplique;
2014;230304;sortie;inexplique;
2014;230404;sortie;inexplique;
2014;320102;sortie;inexplique;
2014;320137;sortie;inexplique;
2014;330103;sortie;inexplique;
2014;950103;sortie;inexplique;
2015;110262;entree;explique;creation
2015;210325;entree;explique;creation
2015;230606;entree;explique;creation,renumerotation
2015;320136;entree;explique;creation
2015;520124;entree;explique;creation
2015;520125;entree;explique;creation
2015;580103;entree;explique;creation
2015;730222;entree;explique;creation
2015;730223;entree;explique;creation
2015;730224;entree;explique;creation
2015;800210;entree;explique;creation
2015;040103;sortie;inexplique;
2015;090103;sortie;inexplique;
2015;110255;sortie;inexplique;
2015;140201;sortie;inexplique;
2015;150512;sortie;inexplique;
2015;200201;sortie;inexplique;
2015;200207;sortie;inexplique;
2015;200213;sortie;inexplique;
2015;200309;sortie;explique;renumerotation
2015;230204;sortie;inexplique;
2015;320111;sortie;inexplique;
2015;320123;sortie;inexplique;
2015;320125;sortie;inexplique;
2015;320126;sortie;inexplique;
2015;400201;sortie;inexplique;
2015;700101;sortie;inexplique;
2015;920202;sortie;inexplique;
2015;920301;sortie;inexplique;
2016;040109;entree;explique;creation
2016;050110;entree;explique;creation
2016;090109;entree;explique;creation
2016;110263;entree;explique;creation
2016;120402;entree;explique;creation
2016;150203;entree;inexplique;
2016;230302;entree;explique;creation
2016;230607;entree;explique;creation
2016;430101;entree;explique;creation
2016;520126;entree;explique;creation
2016;520403;entree;explique;creation
2016;800211;entree;explique;creation
2016;060105;sortie;inexplique;
2016;120114;sortie;inexplique;
2016;120136;sortie;inexplique;
2016;140306;sortie;inexplique;
2016;150517;sortie;inexplique;
2016;160203;sortie;inexplique;
2016;200102;sortie;inexplique;
2016;200305;sortie;inexplique;
2016;230405;sortie;inexplique;
2016;300105;sortie;inexplique;
2016;310201;sortie;inexplique;
2016;310205;sortie;inexplique;
2016;330106;sortie;inexplique;
2016;400301;sortie;inexplique;
2016;420106;sortie;inexplique;
2016;420107;sortie;inexplique;
2017;070204;entree;explique;creation
2017;110308;entree;explique;creation
2017;120509;entree;explique;creation
2017;140309;entree;explique;creation
2017;150713;entree;explique;creation
2017;190211;entree;explique;creation
2017;200215;entree;explique;creation
2017;200217;entree;explique;creation
2017;210204;entree;explique;creation
2017;210205;entree;inexplique;
2017;320142;entree;explique;creation
2017;320143;entree;explique;creation
2017;520127;entree;explique;creation
2017;800212;entree;explique;creation
2017;820201;entree;explique;creation
2017;820202;entree;explique;creation
2017;820203;entree;explique;creation
2017;820204;entree;explique;creation
2017;950103;entree;explique;creation
2017;040102;sortie;inexplique;
2017;090102;sortie;inexplique;
2017;120208;sortie;inexplique;
2017;120209;sortie;inexplique;
2017;150709;sortie;inexplique;
2017;150711;sortie;inexplique;
2017;180306;sortie;inexplique;
2017;180307;sortie;inexplique;
2017;230302;sortie;explique;renumerotation
2017;320131;sortie;inexplique;
2017;320132;sortie;inexplique;
2017;530209;sortie;inexplique;
2017;540101;sortie;inexplique;
2017;550101;sortie;inexplique;
2017;800116;sortie;inexplique;
2017;800204;sortie;inexplique;
2017;820101;sortie;inexplique;
2018;040110;entree;explique;creation
2018;090110;entree;explique;creation
2018;110264;entree;explique;creation
2018;120144;entree;explique;creation
2018;120145;entree;explique;creation
2018;130101;entree;explique;creation
2018;130218;entree;explique;creation
2018;190212;entree;explique;creation
2018;230411;entree;explique;creation
2018;440101;entree;explique;creation
2018;440102;entree;explique;creation
2018;440103;entree;explique;creation
2018;440201;entree;explique;creation
2018;550104;entree;explique;creation
2018;800118;entree;explique;creation
2018;800213;entree;explique;creation
2018;800214;entree;explique;creation
2018;110233;sortie;inexplique;
2018;120110;sortie;inexplique;
2018;180305;sortie;inexplique;
2018;800406;sortie;inexplique;
2018;820102;sortie;inexplique;
2018;820103;sortie;inexplique;
2018;980101;sortie;inexplique;
2018;980102;sortie;inexplique;
2018;980103;sortie;inexplique;
2018;980104;sortie;inexplique;
2018;980105;sortie;inexplique;
2019;040111;entree;explique;creation
2019;050111;entree;explique;creation
2019;060105;entree;explique;classement
2019;090111;entree;explique;creation
2019;090112;entree;explique;creation
2019;150209;entree;explique;creation
2019;170308;entree;explique;classement
2019;230608;entree;explique;creation
2019;440104;entree;explique;creation
2019;520128;entree;explique;creation
2019;540102;entree;explique;creation
2019;550105;entree;explique;creation
2019;710105;entree;explique;classement
2019;710106;entree;explique;classement
2019;710107;entree;explique;classement
2019;730225;entree;explique;classement
2019;800119;entree;explique;creation
2019;800215;entree;explique;creation
2019;800216;entree;explique;creation
2019;800217;entree;explique;creation
2019;800218;entree;explique;creation
2019;800406;entree;explique;creation
2019;990101;entree;explique;classement
2019;110227;sortie;inexplique;
2019;110243;sortie;inexplique;
2019;170501;sortie;inexplique;
2019;180304;sortie;inexplique;
2019;230506;sortie;inexplique;
2019;520124;sortie;inexplique;
2019;800107;sortie;inexplique;
2019;800206;sortie;inexplique;
2020;040112;entree;inexplique;
2020;050112;entree;inexplique;
2020;090113;entree;inexplique;
2020;110265;entree;inexplique;
2020;120146;entree;inexplique;
2020;170106;entree;inexplique;
2020;200401;entree;inexplique;
2020;200402;entree;inexplique;
2020;200403;entree;inexplique;
2020;200404;entree;inexplique;
2020;200405;entree;inexplique;
2020;210326;entree;inexplique;
2020;230102;entree;inexplique;
2020;230103;entree;inexplique;
2020;230609;entree;inexplique;
2020;730226;entree;inexplique;
2020;730227;entree;inexplique;
2020;730228;entree;inexplique;
2020;730229;entree;inexplique;
2020;730230;entree;inexplique;
2020;730231;entree;inexplique;
2020;730232;entree;inexplique;
2020;730233;entree;inexplique;
2020;800219;entree;inexplique;
2020;820205;entree;inexplique;
2020;820206;entree;inexplique;
2020;920301;entree;inexplique;
2020;990201;entree;inexplique;
2020;110214;sortie;inexplique;
2020;110234;sortie;inexplique;
2020;120307;sortie;inexplique;
2020;190210;sortie;inexplique;
2020;200206;sortie;inexplique;
2020;210204;sortie;inexplique;
2020;210205;sortie;inexplique;
2020;300104;sortie;inexplique;
2020;300302;sortie;inexplique;
2020;400101;sortie;inexplique;
2020;400107;sortie;inexplique;
2020;400108;sortie;inexplique;
2020;400109;sortie;inexplique;
2020;400110;sortie;inexplique;
2020;400111;sortie;inexplique;
2020;400112;sortie;inexplique;
2020;400113;sortie;inexplique;
2020;400202;sortie;inexplique;
2020;400203;sortie;inexplique;
2020;730203;sortie;inexplique;
2020;730204;sortie;inexplique;
2020;730215;sortie;inexplique;
2020;730219;sortie;inexplique;
2020;730220;sortie;inexplique;
2020;730303;sortie;inexplique;
2020;740106;sortie;inexplique;
2020;800115;sortie;inexplique;
2020;800207;sortie;inexplique;
2020;800208;sortie;inexplique;
2020;800213;sortie;inexplique;
2020;800218;sortie;inexplique;
2020;800406;sortie;inexplique;
2021;040113;entree;explique;creation
2021;050113;entree;explique;creation
2021;090114;entree;explique;creation
2021;110266;entree;explique;creation
2021;110267;entree;explique;creation
2021;110268;entree;explique;creation
2021;160207;entree;explique;creation
2021;210327;entree;explique;creation
2021;230104;entree;explique;creation
2021;230105;entree;explique;creation,renumerotation
2021;230106;entree;explique;creation,renumerotation
2021;320144;entree;explique;creation
2021;520129;entree;explique;creation
2021;710108;entree;explique;creation
2021;710109;entree;explique;renumerotation
2021;710110;entree;explique;renumerotation
2021;720207;entree;explique;renumerotation
2021;800220;entree;explique;renumerotation
2021;800221;entree;explique;renumerotation
2021;800222;entree;explique;renumerotation
2021;800224;entree;explique;creation
2021;800225;entree;explique;creation
2021;800226;entree;explique;creation
2021;800227;entree;explique;creation
2021;800228;entree;explique;renumerotation
2021;800229;entree;explique;eclatement,renumerotation
2021;820207;entree;explique;creation
2021;820208;entree;explique;creation
2021;830101;entree;explique;eclatement
2021;830201;entree;explique;eclatement
2021;830202;entree;explique;eclatement
2021;830203;entree;explique;renumerotation
2021;830204;entree;explique;eclatement
2021;840101;entree;explique;renumerotation
2021;840201;entree;explique;eclatement
2021;840202;entree;explique;eclatement
2021;970102;entree;explique;creation
2021;970103;entree;explique;creation
2021;970104;entree;explique;creation
2021;120137;sortie;inexplique;
2021;120207;sortie;inexplique;
2021;120306;sortie;inexplique;
2021;130207;sortie;inexplique;
2021;140110;sortie;inexplique;
2021;140125;sortie;inexplique;
2021;150201;sortie;inexplique;
2021;150203;sortie;inexplique;
2021;160206;sortie;inexplique;
2021;200214;sortie;inexplique;
2021;200216;sortie;inexplique;
2021;200404;sortie;explique;renumerotation
2021;200405;sortie;explique;renumerotation
2021;210312;sortie;inexplique;
2021;210320;sortie;inexplique;
2021;210323;sortie;inexplique;
2021;230408;sortie;inexplique;
2021;230507;sortie;inexplique;
2021;700102;sortie;explique;renumerotation
2021;710104;sortie;inexplique;
2021;730225;sortie;explique;renumerotation
2021;730229;sortie;inexplique;
2021;730307;sortie;explique;renumerotation
2021;800103;sortie;explique;renumerotation
2021;800108;sortie;inexplique;
2021;800114;sortie;explique;renumerotation
2021;800217;sortie;inexplique;
2021;800219;sortie;explique;renumerotation
2021;800302;sortie;explique;renumerotation
2021;800403;sortie;explique;renumerotation
2021;800404;sortie;explique;renumerotation
2021;800405;sortie;explique;renumerotation
2022;090202;entree;explique;creation
2022;150210;entree;explique;creation
2022;210328;entree;explique;creation
2022;210329;entree;explique;creation
2022;210330;entree;explique;creation
2022;210331;entree;explique;creation
2022;220106;entree;explique;creation
2022;220107;entree;explique;creation
2022;260101;entree;explique;creation
2022;260201;entree;explique;creation
2022;320131;entree;explique;creation
2022;320145;entree;explique;creation
2022;320146;entree;explique;creation
2022;930101;entree;explique;creation
2022;930102;entree;explique;creation
2022;930103;entree;explique;creation
2022;940101;entree;explique;creation
2022;940102;entree;explique;creation
2022;940103;entree;explique;creation
2022;940201;entree;explique;creation
2022;940202;entree;explique;creation
2022;940203;entree;explique;creation
2022;970105;entree;explique;creation
2022;970106;entree;explique;creation
2022;990202;entree;explique;classement
2022;990301;entree;explique;classement
2022;040105;sortie;inexplique;
2022;040106;sortie;inexplique;
2022;050108;sortie;inexplique;
2022;060107;sortie;inexplique;
2022;110221;sortie;inexplique;
2022;120121;sortie;inexplique;
2022;140124;sortie;inexplique;
2022;170103;sortie;inexplique;
2022;170105;sortie;inexplique;
2022;170308;sortie;inexplique;
2022;180101;sortie;inexplique;
2022;190211;sortie;inexplique;
2022;200215;sortie;inexplique;
2022;210102;sortie;inexplique;
2022;210311;sortie;inexplique;
2022;220105;sortie;inexplique;
2022;230202;sortie;inexplique;
2022;230504;sortie;inexplique;
2022;230509;sortie;inexplique;
2022;300207;sortie;inexplique;
2022;320108;sortie;inexplique;
2022;320139;sortie;inexplique;
2022;550103;sortie;inexplique;
2022;570204;sortie;inexplique;
2022;710106;sortie;inexplique;
2022;720202;sortie;inexplique;
2022;800111;sortie;inexplique;
2022;920101;sortie;inexplique;
2022;920201;sortie;inexplique;
2022;970101;sortie;inexplique;
2023;110269;entree;explique;creation
2023;200311;entree;explique;creation
2023;210332;entree;explique;creation
2023;310206;entree;explique;classement
2023;320147;entree;explique;creation
2023;320148;entree;explique;creation
2023;820209;entree;explique;creation
2023;070101;sortie;inexplique;
2023;070203;sortie;inexplique;
2023;110257;sortie;inexplique;
2023;120301;sortie;inexplique;
2023;140107;sortie;inexplique;
2023;140121;sortie;explique;suppression
2023;140127;sortie;inexplique;
2023;210306;sortie;inexplique;
2023;220101;sortie;inexplique;
2023;230203;sortie;inexplique;
2023;310204;sortie;inexplique;
2023;520125;sortie;inexplique;
2023;800203;sortie;inexplique;
2024;130304;entree;explique;creation
2024;210333;entree;explique;creation
2024;530213;entree;explique;creation
2024;530214;entree;explique;creation
2024;530215;entree;inexplique;
2024;530216;entree;inexplique;
2024;530217;entree;inexplique;
2024;530218;entree;explique;classement,creation
2024;550106;entree;explique;classement,creation
2024;590101;entree;explique;creation
2024;730234;entree;explique;creation
2024;940104;entree;explique;creation
2024;970107;entree;explique;creation
2024;090105;sortie;inexplique;
2024;090201;sortie;explique;suppression
2024;110238;sortie;explique;suppression
2024;300205;sortie;inexplique;
2024;520129;sortie;inexplique;
2024;540102;sortie;explique;declassement
2024;570101;sortie;explique;declassement
2024;570102;sortie;explique;declassement
2024;950101;sortie;inexplique;
2024;950102;sortie;inexplique;
2024;950103;sortie;inexplique;
2025;070205;entree;explique;creation
2025;110270;entree;explique;creation
2025;110271;entree;explique;creation
2025;120147;entree;explique;creation
2025;140127;entree;explique;creation
2025;150714;entree;explique;creation
2025;170107;entree;explique;creation
2025;170108;entree;explique;creation
2025;180310;entree;explique;creation
2025;210334;entree;explique;creation
2025;220108;entree;explique;creation
2025;220109;entree;explique;creation
2025;520130;entree;explique;creation
2025;730235;entree;explique;creation
2025;800120;entree;explique;creation
2025;900101;entree;explique;classement
2025;940204;entree;explique;creation
2025;090106;sortie;inexplique;
2025;090202;sortie;inexplique;
2025;110222;sortie;inexplique;
2025;110247;sortie;inexplique;
2025;110264;sortie;inexplique;
2025;220106;sortie;inexplique;
2025;260101;sortie;inexplique;
2025;260201;sortie;inexplique;
2025;530211;sortie;inexplique;
2025;920301;sortie;explique;declassement
