perimetre,regime,produit,millesime,part,source
Carbone,Autres gaz fluorés,Non combustible,,1.0,intitule
Carbone,Autres produits pétroliers,Pétrole,,1.0,intitule
Carbone,Autres produits pétroliers - Double usage,Pétrole,,1.0,intitule
Carbone,Autres produits pétroliers - Prod. min. non métalliques,Pétrole,,1.0,intitule
Carbone,CO2 non énergétique,Non combustible,,1.0,intitule
Carbone,CO2 non énergétique incinération déchets,Non combustible,,1.0,intitule
Carbone,CO2 non énergétique procédés industriels,Non combustible,,1.0,intitule
Carbone,CO2 énergétique incinération déchets,Déchets et biomasse,,1.0,observe
Carbone,Charbon - Double usage,Charbon,,1.0,intitule
Carbone,Charbon - Grande consommation et quotas ETS,Charbon,,1.0,observe
Carbone,Charbon - Prod. min. non métalliques,Charbon,,1.0,intitule
Carbone,Charbon - Prod. Électricité,Charbon,,1.0,intitule
Carbone,E10 - transport routier,Pétrole,,1.0,observe
Carbone,E85 - transport routier,Pétrole,,1.0,observe
Carbone,Essence - Bateaux,Pétrole,,1.0,intitule
Carbone,Essence - Taxis,Pétrole,,1.0,observe
Carbone,Essence - transport routier,Pétrole,,1.0,observe
Carbone,Fioul domestique - Combustible,Pétrole,,1.0,observe
Carbone,Fioul domestique - Double usage,Pétrole,,1.0,intitule
Carbone,Fioul domestique - Prod. min. non métalliques,Pétrole,,1.0,intitule
Carbone,Fioul domestique - Prod. Électricité,Pétrole,,1.0,intitule
Carbone,Fioul lourd - Agriculture,Pétrole,,1.0,observe
Carbone,Fioul lourd - Bateaux,Pétrole,,1.0,intitule
Carbone,Fioul lourd - Combustible,Pétrole,,1.0,observe
Carbone,Fioul lourd - Double usage,Pétrole,,1.0,intitule
Carbone,Fioul lourd - Prod. min. non métalliques,Pétrole,,1.0,intitule
Carbone,Fioul lourd - Prod. Électricité,Pétrole,,1.0,intitule
Carbone,GPL - Agriculture,Pétrole,,1.0,observe
Carbone,GPL - Carburant,Pétrole,,1.0,observe
Carbone,GPL - Combustible,Pétrole,,1.0,observe
Carbone,GPL - Double usage,Pétrole,,1.0,intitule
Carbone,GPL - Prod. Electricité,Pétrole,,1.0,intitule
Carbone,GPL - Prod. min. non métalliques,Pétrole,,1.0,intitule
Carbone,Gaz - Agriculture,Gaz,,1.0,observe
Carbone,Gaz - Carburant,Gaz,,1.0,observe
Carbone,Gaz - Combustible,Gaz,,1.0,observe
Carbone,Gaz - Double usage,Gaz,,1.0,intitule
Carbone,Gaz - Grande consommation et fuite carbone,Gaz,,1.0,observe
Carbone,Gaz - Grande consommation et quotas ETS,Gaz,,1.0,observe
Carbone,Gaz - Prod. Electricité,Gaz,,1.0,intitule
Carbone,Gaz - Prod. min. non métalliques,Gaz,,1.0,intitule
Carbone,Gaz - Prod. produits énergétiques,Gaz,,1.0,intitule
Carbone,Gaz - Usage autre que carburant ou combustible,Gaz,,1.0,intitule
Carbone,Gaz de raffinerie,Pétrole,,1.0,correction
Carbone,Gazole - Taxis,Pétrole,,1.0,observe
Carbone,Gazole - Transport marchandises,Pétrole,,1.0,observe
Carbone,Gazole - Transport public,Pétrole,,1.0,observe
Carbone,Gazole - transport routier,Pétrole,,1.0,observe
Carbone,Gazole Non Routier,Pétrole,,1.0,observe
Carbone,Gazole Non Routier - Agriculture,Pétrole,,1.0,observe
Carbone,Gazole Non Routier - Double usage,Pétrole,,1.0,intitule
Carbone,Gazole Non Routier - Prod. min. non métalliques,Pétrole,,1.0,intitule
Carbone,HFC,Non combustible,,1.0,intitule
Carbone,HFC règlement F-Gaz,Non combustible,,1.0,observe
Carbone,Kerosene - Aéronefs,Pétrole,,1.0,intitule
Carbone,Kerosene - Carburant armée,Pétrole,,1.0,observe
Carbone,Kerosene combustible,Pétrole,,1.0,observe
Carbone,Méthane,Non combustible,,1.0,correction
Carbone,Méthane - production gaz,Gaz,,1.0,intitule
Carbone,Méthane - résidentiel biomasse,Déchets et biomasse,,1.0,intitule
Carbone,Méthane stockage déchets,Déchets et biomasse,,1.0,observe
Carbone,N2O,Non combustible,,1.0,intitule
Carbone,N2O procédés industriels,Non combustible,,1.0,intitule
Energie,Autres produits pétroliers,Pétrole,,1.0,observe
Energie,Autres produits pétroliers - Double usage,Pétrole,,1.0,observe
Energie,Autres produits pétroliers - Prod. min. non métalliques,Pétrole,,1.0,observe
Energie,Aéroports,Électricité,,1.0,observe
Energie,"Bois de chauffage, résidus de bois et autre biomasse solide, charbon de bois",Chaleur et biomasse,,1.0,intitule
Energie,Chaleur,Chaleur et biomasse,,1.0,intitule
Energie,Charbon - Double usage,Charbon,,1.0,observe
Energie,Charbon - Grande consommation et quotas ETS,Charbon,,1.0,observe
Energie,Charbon - Prod. min. non métalliques,Charbon,,1.0,observe
Energie,"Consommations < 1,5kWh/€ de VA",Électricité,,1.0,observe
Energie,"Consommations < 1,5kWh/€ de VA (fuite carbone)",Électricité,,1.0,observe
Energie,Consommations >3kWh/€ de VA,Électricité,,1.0,observe
Energie,Consommations >3kWh/€ de VA (fuite carbone),Électricité,,1.0,observe
Energie,"Consommations entre 1,5 et 3kWh/€ de VA",Électricité,,1.0,observe
Energie,"Consommations entre 1,5 et 3kWh/€ de VA (fuite carbone)",Électricité,,1.0,observe
Energie,Datacenters,Électricité,,1.0,observe
Energie,E10 - transport routier,Chaleur et biomasse,2017,0.07256300087182427,observe
Energie,E10 - transport routier,Pétrole,2017,0.9274369991281757,observe
Energie,E10 - transport routier,Chaleur et biomasse,2018,0.07147811209358498,observe
Energie,E10 - transport routier,Pétrole,2018,0.928521887906415,observe
Energie,E10 - transport routier,Chaleur et biomasse,2019,0.06990850795885718,observe
Energie,E10 - transport routier,Pétrole,2019,0.9300914920411428,observe
Energie,E10 - transport routier,Chaleur et biomasse,2020,0.06703201476585893,observe
Energie,E10 - transport routier,Pétrole,2020,0.9329679852341412,observe
Energie,E10 - transport routier,Chaleur et biomasse,2021,0.06559463059609577,observe
Energie,E10 - transport routier,Pétrole,2021,0.9344053694039042,observe
Energie,E10 - transport routier,Chaleur et biomasse,2022,0.06400412690927576,observe
Energie,E10 - transport routier,Pétrole,2022,0.9359958730907243,observe
Energie,E10 - transport routier,Chaleur et biomasse,2023,0.06065876615237668,observe
Energie,E10 - transport routier,Pétrole,2023,0.9393412338476234,observe
Energie,E10 - transport routier,Chaleur et biomasse,2024*,0.06027012028531887,observe
Energie,E10 - transport routier,Pétrole,2024*,0.9397298797146811,observe
Energie,E85 - transport routier,Chaleur et biomasse,2017,0.6165108484617597,observe
Energie,E85 - transport routier,Pétrole,2017,0.3834891515382402,observe
Energie,E85 - transport routier,Chaleur et biomasse,2018,0.6130173229542057,observe
Energie,E85 - transport routier,Pétrole,2018,0.38698267704579425,observe
Energie,E85 - transport routier,Chaleur et biomasse,2019,0.6060120291605027,observe
Energie,E85 - transport routier,Pétrole,2019,0.3939879708394974,observe
Energie,E85 - transport routier,Chaleur et biomasse,2020,0.5961342319500531,observe
Energie,E85 - transport routier,Pétrole,2020,0.4038657680499468,observe
Energie,E85 - transport routier,Chaleur et biomasse,2021,0.5899021713200716,observe
Energie,E85 - transport routier,Pétrole,2021,0.41009782867992844,observe
Energie,E85 - transport routier,Chaleur et biomasse,2022,0.5820342651942684,observe
Energie,E85 - transport routier,Pétrole,2022,0.4179657348057316,observe
Energie,E85 - transport routier,Chaleur et biomasse,2023,0.567255443033853,observe
Energie,E85 - transport routier,Pétrole,2023,0.43274455696614705,observe
Energie,E85 - transport routier,Chaleur et biomasse,2024*,0.567255443033853,observe
Energie,E85 - transport routier,Pétrole,2024*,0.43274455696614705,observe
Energie,Electricité - entreprises,Électricité,,1.0,observe
Energie,Electricité - ménages,Électricité,,1.0,observe
Energie,Essence - Bateaux,Pétrole,,1.0,intitule
Energie,Essence - Taxis,Chaleur et biomasse,2017,0.05329093186855503,observe
Energie,Essence - Taxis,Pétrole,2017,0.946709068131445,observe
Energie,Essence - Taxis,Chaleur et biomasse,2018,0.05398457583547529,observe
Energie,Essence - Taxis,Pétrole,2018,0.9460154241645248,observe
Energie,Essence - Taxis,Chaleur et biomasse,2019,0.05398457583547525,observe
Energie,Essence - Taxis,Pétrole,2019,0.9460154241645248,observe
Energie,Essence - Taxis,Chaleur et biomasse,2020,0.05676406229887967,observe
Energie,Essence - Taxis,Pétrole,2020,0.9432359377011202,observe
Energie,Essence - Taxis,Chaleur et biomasse,2021,0.05676406229887967,observe
Energie,Essence - Taxis,Pétrole,2021,0.9432359377011202,observe
Energie,Essence - Taxis,Chaleur et biomasse,2022,0.05676406229887967,observe
Energie,Essence - Taxis,Pétrole,2022,0.9432359377011202,observe
Energie,Essence - Taxis,Chaleur et biomasse,2023,0.05676406229887967,observe
Energie,Essence - Taxis,Pétrole,2023,0.9432359377011202,observe
Energie,Essence - Taxis,Chaleur et biomasse,2024*,0.05676406229887967,observe
Energie,Essence - Taxis,Pétrole,2024*,0.9432359377011202,observe
Energie,Essence - transport routier,Chaleur et biomasse,2017,0.03625173339684915,observe
Energie,Essence - transport routier,Pétrole,2017,0.9637482666031508,observe
Energie,Essence - transport routier,Chaleur et biomasse,2018,0.035698446806404265,observe
Energie,Essence - transport routier,Pétrole,2018,0.9643015531935958,observe
Energie,Essence - transport routier,Chaleur et biomasse,2019,0.03480943739494979,observe
Energie,Essence - transport routier,Pétrole,2019,0.9651905626050502,observe
Energie,Essence - transport routier,Chaleur et biomasse,2020,0.03338089366006105,observe
Energie,Essence - transport routier,Pétrole,2020,0.966619106339939,observe
Energie,Essence - transport routier,Chaleur et biomasse,2021,0.032595352647276775,observe
Energie,Essence - transport routier,Pétrole,2021,0.9674046473527232,observe
Energie,Essence - transport routier,Chaleur et biomasse,2022,0.0317177022662044,observe
Energie,Essence - transport routier,Pétrole,2022,0.9682822977337957,observe
Energie,Essence - transport routier,Chaleur et biomasse,2023,0.029975962643674494,observe
Energie,Essence - transport routier,Pétrole,2023,0.9700240373563256,observe
Energie,Essence - transport routier,Chaleur et biomasse,2024*,0.029846268555995526,observe
Energie,Essence - transport routier,Pétrole,2024*,0.9701537314440045,observe
Energie,Exemption fabrication de minéraux non-métalliques,Électricité,,1.0,intitule
Energie,"Exemption procédés métallurgiques, réduction chimique, électrolyse",Électricité,,1.0,intitule
Energie,Exonération pour la production d'électricité,Électricité,,1.0,intitule
Energie,Fioul domestique - Double usage,Pétrole,,1.0,observe
Energie,Fioul domestique - Prod. min. non métalliques,Pétrole,,1.0,observe
Energie,Fioul domestique combustible,Pétrole,,1.0,observe
Energie,Fioul lourd - Agriculture,Pétrole,,1.0,observe
Energie,Fioul lourd - Bateaux,Pétrole,,1.0,intitule
Energie,Fioul lourd - Combustible,Pétrole,,1.0,observe
Energie,Fioul lourd - Double usage,Pétrole,,1.0,observe
Energie,Fioul lourd - Prod. min. non métalliques,Pétrole,,1.0,observe
Energie,GPL - Agriculture,Pétrole,,1.0,observe
Energie,GPL - Carburant,Pétrole,,1.0,observe
Energie,GPL - Combustible,Pétrole,,1.0,observe
Energie,GPL - Double usage,Pétrole,,1.0,observe
Energie,GPL - Prod. min. non métalliques,Pétrole,,1.0,observe
Energie,Gaz - Agriculture,Chaleur et biomasse,2017,0.13306936314314488,observe
Energie,Gaz - Agriculture,Gaz,2017,0.8669306368568551,observe
Energie,Gaz - Agriculture,Chaleur et biomasse,2018,0.1444773357008442,observe
Energie,Gaz - Agriculture,Gaz,2018,0.8555226642991558,observe
Energie,Gaz - Agriculture,Chaleur et biomasse,2019,0.16593444705773983,observe
Energie,Gaz - Agriculture,Gaz,2019,0.8340655529422601,observe
Energie,Gaz - Agriculture,Chaleur et biomasse,2020,0.18301912649663235,observe
Energie,Gaz - Agriculture,Gaz,2020,0.8169808735033677,observe
Energie,Gaz - Agriculture,Chaleur et biomasse,2021,0.1975328360424457,observe
Energie,Gaz - Agriculture,Gaz,2021,0.8024671639575544,observe
Energie,Gaz - Agriculture,Chaleur et biomasse,2022,0.28918454532081467,observe
Energie,Gaz - Agriculture,Gaz,2022,0.7108154546791853,observe
Energie,Gaz - Agriculture,Chaleur et biomasse,2023,0.28918454532081467,observe
Energie,Gaz - Agriculture,Gaz,2023,0.7108154546791853,observe
Energie,Gaz - Agriculture,Chaleur et biomasse,2024*,0.28918454532081467,observe
Energie,Gaz - Agriculture,Gaz,2024*,0.7108154546791853,observe
Energie,Gaz - Carburant,Chaleur et biomasse,2017,0.017919214871744072,observe
Energie,Gaz - Carburant,Gaz,2017,0.9820807851282559,observe
Energie,Gaz - Carburant,Chaleur et biomasse,2018,0.018334372125986903,observe
Energie,Gaz - Carburant,Gaz,2018,0.9816656278740131,observe
Energie,Gaz - Carburant,Chaleur et biomasse,2019,0.019589414986465083,observe
Energie,Gaz - Carburant,Gaz,2019,0.9804105850135348,observe
Energie,Gaz - Carburant,Chaleur et biomasse,2020,0.021478009159206835,observe
Energie,Gaz - Carburant,Gaz,2020,0.9785219908407933,observe
Energie,Gaz - Carburant,Chaleur et biomasse,2021,0.016419762345092147,observe
Energie,Gaz - Carburant,Gaz,2021,0.9835802376549079,observe
Energie,Gaz - Carburant,Chaleur et biomasse,2022,0.015619843910707882,observe
Energie,Gaz - Carburant,Gaz,2022,0.9843801560892921,observe
Energie,Gaz - Carburant,Chaleur et biomasse,2023,0.015619843910707882,observe
Energie,Gaz - Carburant,Gaz,2023,0.9843801560892921,observe
Energie,Gaz - Carburant,Chaleur et biomasse,2024*,0.015619843910707882,observe
Energie,Gaz - Carburant,Gaz,2024*,0.9843801560892921,observe
Energie,Gaz - Combustible,Chaleur et biomasse,2017,0.00584601090655309,observe
Energie,Gaz - Combustible,Gaz,2017,0.994153989093447,observe
Energie,Gaz - Combustible,Chaleur et biomasse,2018,0.006183802831528958,observe
Energie,Gaz - Combustible,Gaz,2018,0.993816197168471,observe
Energie,Gaz - Combustible,Chaleur et biomasse,2019,0.0067515959947156284,observe
Energie,Gaz - Combustible,Gaz,2019,0.9932484040052844,observe
Energie,Gaz - Combustible,Chaleur et biomasse,2020,0.0076491366240847266,observe
Energie,Gaz - Combustible,Gaz,2020,0.9923508633759153,observe
Energie,Gaz - Combustible,Chaleur et biomasse,2021,0.007188254709865617,observe
Energie,Gaz - Combustible,Gaz,2021,0.9928117452901344,observe
Energie,Gaz - Combustible,Chaleur et biomasse,2022,0.008927376782878159,observe
Energie,Gaz - Combustible,Gaz,2022,0.9910726232171219,observe
Energie,Gaz - Combustible,Chaleur et biomasse,2023,0.008999870721383004,observe
Energie,Gaz - Combustible,Gaz,2023,0.9910001292786169,observe
Energie,Gaz - Combustible,Chaleur et biomasse,2024*,0.008999870721383004,observe
Energie,Gaz - Combustible,Gaz,2024*,0.9910001292786169,observe
Energie,Gaz - Double usage,Gaz,,1.0,intitule
Energie,Gaz - Grande consommation et fuite carbone,Chaleur et biomasse,2017,0.002448481201544997,observe
Energie,Gaz - Grande consommation et fuite carbone,Gaz,2017,0.997551518798455,observe
Energie,Gaz - Grande consommation et fuite carbone,Chaleur et biomasse,2018,0.0022381882879022063,observe
Energie,Gaz - Grande consommation et fuite carbone,Gaz,2018,0.9977618117120978,observe
Energie,Gaz - Grande consommation et fuite carbone,Chaleur et biomasse,2019,0.003068620311328607,observe
Energie,Gaz - Grande consommation et fuite carbone,Gaz,2019,0.9969313796886715,observe
Energie,Gaz - Grande consommation et fuite carbone,Chaleur et biomasse,2020,0.003434352151935819,observe
Energie,Gaz - Grande consommation et fuite carbone,Gaz,2020,0.9965656478480641,observe
Energie,Gaz - Grande consommation et fuite carbone,Chaleur et biomasse,2021,0.0038654891166433197,observe
Energie,Gaz - Grande consommation et fuite carbone,Gaz,2021,0.9961345108833566,observe
Energie,Gaz - Grande consommation et fuite carbone,Chaleur et biomasse,2022,0.006664399979405476,observe
Energie,Gaz - Grande consommation et fuite carbone,Gaz,2022,0.9933356000205945,observe
Energie,Gaz - Grande consommation et fuite carbone,Chaleur et biomasse,2023,0.006624241617462526,observe
Energie,Gaz - Grande consommation et fuite carbone,Gaz,2023,0.9933757583825374,observe
Energie,Gaz - Grande consommation et fuite carbone,Chaleur et biomasse,2024*,0.006624241617462526,observe
Energie,Gaz - Grande consommation et fuite carbone,Gaz,2024*,0.9933757583825374,observe
Energie,Gaz - Grande consommation et quotas ETS,Chaleur et biomasse,2017,0.002901263253393583,observe
Energie,Gaz - Grande consommation et quotas ETS,Gaz,2017,0.9970987367466064,observe
Energie,Gaz - Grande consommation et quotas ETS,Chaleur et biomasse,2018,0.0023953927038752936,observe
Energie,Gaz - Grande consommation et quotas ETS,Gaz,2018,0.9976046072961247,observe
Energie,Gaz - Grande consommation et quotas ETS,Chaleur et biomasse,2019,0.003191364659139075,observe
Energie,Gaz - Grande consommation et quotas ETS,Gaz,2019,0.996808635340861,observe
Energie,Gaz - Grande consommation et quotas ETS,Chaleur et biomasse,2020,0.0034524123641164832,observe
Energie,Gaz - Grande consommation et quotas ETS,Gaz,2020,0.9965475876358836,observe
Energie,Gaz - Grande consommation et quotas ETS,Chaleur et biomasse,2021,0.003480230904190335,observe
Energie,Gaz - Grande consommation et quotas ETS,Gaz,2021,0.9965197690958096,observe
Energie,Gaz - Grande consommation et quotas ETS,Chaleur et biomasse,2022,0.005226026044394415,observe
Energie,Gaz - Grande consommation et quotas ETS,Gaz,2022,0.9947739739556055,observe
Energie,Gaz - Grande consommation et quotas ETS,Chaleur et biomasse,2023,0.00538101834023564,observe
Energie,Gaz - Grande consommation et quotas ETS,Gaz,2023,0.9946189816597643,observe
Energie,Gaz - Grande consommation et quotas ETS,Chaleur et biomasse,2024*,0.00538101834023564,observe
Energie,Gaz - Grande consommation et quotas ETS,Gaz,2024*,0.9946189816597643,observe
Energie,Gaz - Prod. min. non métalliques,Gaz,,1.0,intitule
Energie,Gaz - Usage autre que carburant ou combustible,Gaz,,1.0,intitule
Energie,Gaz de raffinerie,Pétrole,,1.0,correction
Energie,Gazole - Taxis,Chaleur et biomasse,2017,0.07289656907977518,observe
Energie,Gazole - Taxis,Pétrole,2017,0.9271034309202247,observe
Energie,Gazole - Taxis,Chaleur et biomasse,2018,0.07382550335570467,observe
Energie,Gazole - Taxis,Pétrole,2018,0.9261744966442953,observe
Energie,Gazole - Taxis,Chaleur et biomasse,2019,0.07382550335570469,observe
Energie,Gazole - Taxis,Pétrole,2019,0.9261744966442953,observe
Energie,Gazole - Taxis,Chaleur et biomasse,2020,0.07754279959718027,observe
Energie,Gazole - Taxis,Pétrole,2020,0.9224572004028198,observe
Energie,Gazole - Taxis,Chaleur et biomasse,2021,0.07754279959718027,observe
Energie,Gazole - Taxis,Pétrole,2021,0.9224572004028198,observe
Energie,Gazole - Taxis,Chaleur et biomasse,2022,0.07754279959718027,observe
Energie,Gazole - Taxis,Pétrole,2022,0.9224572004028198,observe
Energie,Gazole - Taxis,Chaleur et biomasse,2023,0.07754279959718027,observe
Energie,Gazole - Taxis,Pétrole,2023,0.9224572004028198,observe
Energie,Gazole - Taxis,Chaleur et biomasse,2024*,0.07754279959718027,observe
Energie,Gazole - Taxis,Pétrole,2024*,0.9224572004028198,observe
Energie,Gazole - Transport marchandises,Chaleur et biomasse,2017,0.07222803959746373,observe
Energie,Gazole - Transport marchandises,Pétrole,2017,0.9277719604025363,observe
Energie,Gazole - Transport marchandises,Chaleur et biomasse,2018,0.07373779357179364,observe
Energie,Gazole - Transport marchandises,Pétrole,2018,0.9262622064282063,observe
Energie,Gazole - Transport marchandises,Chaleur et biomasse,2019,0.07302442756496337,observe
Energie,Gazole - Transport marchandises,Pétrole,2019,0.9269755724350366,observe
Energie,Gazole - Transport marchandises,Chaleur et biomasse,2020,0.07677018626663362,observe
Energie,Gazole - Transport marchandises,Pétrole,2020,0.9232298137333663,observe
Energie,Gazole - Transport marchandises,Chaleur et biomasse,2021,0.07703028031587478,observe
Energie,Gazole - Transport marchandises,Pétrole,2021,0.9229697196841252,observe
Energie,Gazole - Transport marchandises,Chaleur et biomasse,2022,0.07662577661664002,observe
Energie,Gazole - Transport marchandises,Pétrole,2022,0.92337422338336,observe
Energie,Gazole - Transport marchandises,Chaleur et biomasse,2023,0.07662577661664002,observe
Energie,Gazole - Transport marchandises,Pétrole,2023,0.92337422338336,observe
Energie,Gazole - Transport marchandises,Chaleur et biomasse,2024*,0.07662577661664002,observe
Energie,Gazole - Transport marchandises,Pétrole,2024*,0.92337422338336,observe
Energie,Gazole - Transport public,Chaleur et biomasse,2017,0.07289656907977518,observe
Energie,Gazole - Transport public,Pétrole,2017,0.9271034309202248,observe
Energie,Gazole - Transport public,Chaleur et biomasse,2018,0.0738255033557047,observe
Energie,Gazole - Transport public,Pétrole,2018,0.9261744966442953,observe
Energie,Gazole - Transport public,Chaleur et biomasse,2019,0.0738255033557047,observe
Energie,Gazole - Transport public,Pétrole,2019,0.9261744966442953,observe
Energie,Gazole - Transport public,Chaleur et biomasse,2020,0.07754279959718026,observe
Energie,Gazole - Transport public,Pétrole,2020,0.9224572004028199,observe
Energie,Gazole - Transport public,Chaleur et biomasse,2021,0.07754279959718026,observe
Energie,Gazole - Transport public,Pétrole,2021,0.9224572004028199,observe
Energie,Gazole - Transport public,Chaleur et biomasse,2022,0.07754279959718026,observe
Energie,Gazole - Transport public,Pétrole,2022,0.9224572004028199,observe
Energie,Gazole - Transport public,Chaleur et biomasse,2023,0.07754279959718026,observe
Energie,Gazole - Transport public,Pétrole,2023,0.9224572004028199,observe
Energie,Gazole - Transport public,Chaleur et biomasse,2024*,0.07754279959718026,observe
Energie,Gazole - Transport public,Pétrole,2024*,0.9224572004028199,observe
Energie,Gazole - transport routier,Chaleur et biomasse,2017,0.07918353411820862,observe
Energie,Gazole - transport routier,Pétrole,2017,0.9208164658817913,observe
Energie,Gazole - transport routier,Chaleur et biomasse,2018,0.0785355855059524,observe
Energie,Gazole - transport routier,Pétrole,2018,0.9214644144940476,observe
Energie,Gazole - transport routier,Chaleur et biomasse,2019,0.0803902469544363,observe
Energie,Gazole - transport routier,Pétrole,2019,0.9196097530455636,observe
Energie,Gazole - transport routier,Chaleur et biomasse,2020,0.07420333760027024,observe
Energie,Gazole - transport routier,Pétrole,2020,0.9257966623997298,observe
Energie,Gazole - transport routier,Chaleur et biomasse,2021,0.07217648407462125,observe
Energie,Gazole - transport routier,Pétrole,2021,0.9278235159253787,observe
Energie,Gazole - transport routier,Chaleur et biomasse,2022,0.07267899998456738,observe
Energie,Gazole - transport routier,Pétrole,2022,0.9273210000154325,observe
Energie,Gazole - transport routier,Chaleur et biomasse,2023,0.0707164626897288,observe
Energie,Gazole - transport routier,Pétrole,2023,0.9292835373102712,observe
Energie,Gazole - transport routier,Chaleur et biomasse,2024*,0.0707164626897288,observe
Energie,Gazole - transport routier,Pétrole,2024*,0.9292835373102712,observe
Energie,Gazole Non Routier,Pétrole,,1.0,observe
Energie,Gazole Non Routier - Agriculture,Pétrole,,1.0,observe
Energie,Gazole Non Routier - Double usage,Pétrole,,1.0,observe
Energie,Gazole Non Routier - Prod. min. non métalliques,Pétrole,,1.0,observe
Energie,Installations hyper-électro-intensives,Électricité,,1.0,observe
Energie,Kerosene - Aéronefs,Pétrole,,1.0,observe
Energie,Kerosene - Carburant avions,Pétrole,,1.0,observe
Energie,Kerosene combustible,Pétrole,,1.0,observe
Energie,Pertes réseau,Électricité,,1.0,intitule
Energie,"Transport de personnes et de marchandises par train, métro, tramway, câble et trolleybus",Électricité,,1.0,observe
